ID,Age,Gender,Working_Type,Sleep_Hours,Height_m,Required_Daily_Calories
0,18.5,Male,Desk Job,7.5,1.69,273.1
1,36.3,Female,Desk Job,7.5,1.61,390.4
2,33.9,Male,Desk Job,7.5,1.79,266.6
3,25.9,Female,Desk Job,7.5,1.62,1398.6
4,28.5,Female,Desk Job,7.5,1.72,419.3
5,52.5,Male,Desk Job,7.5,1.95,1328.8
6,57.2,Female,Desk Job,7.5,1.71,1184.5
7,28.7,Male,Desk Job,7.5,1.67,1500.0
8,21.5,Male,Desk Job,7.5,1.68,50.0
9,49.8,Male,Desk Job,7.5,1.72,415.1
10,21.2,Male,Desk Job,7.5,1.89,330.4
11,37.2,Male,Desk Job,7.5,1.85,1500.0
12,38.9,Female,Desk Job,7.5,1.75,1008.8
13,44.8,Male,Desk Job,7.5,1.82,487.8
14,22.1,Male,Desk Job,7.5,1.70,421.8
15,56.2,Male,Desk Job,7.5,1.83,834.3
16,22.0,Female,Desk Job,7.5,1.69,1129.6
17,50.6,Female,Desk Job,7.5,1.67,582.4
18,37.3,Female,Desk Job,7.5,1.64,619.7
19,21.7,Male,Desk Job,7.5,1.86,594.1
20,61.0,Male,Desk Job,7.5,1.90,1246.6
21,39.6,Female,Desk Job,7.5,1.57,50.0
22,58.6,Male,Desk Job,7.5,1.66,851.1
23,54.6,Male,Desk Job,7.5,1.82,1401.5
24,44.4,Male,Desk Job,7.5,1.85,53.3
25,64.3,Female,Desk Job,7.5,1.65,555.7
26,27.6,Male,Desk Job,7.5,1.86,1500.0
27,30.7,Female,Desk Job,7.5,1.61,1012.4
28,47.7,Female,Desk Job,7.5,1.63,820.2
29,63.4,Male,Desk Job,7.5,1.89,1353.9
30,60.0,Female,Desk Job,7.5,1.62,385.2
31,32.3,Male,Desk Job,7.5,1.78,1093.9
32,36.2,Female,Desk Job,7.5,1.60,276.3
33,49.4,Male,Desk Job,7.5,1.70,784.8
34,27.7,Male,Desk Job,7.5,1.92,1097.3
35,21.3,Female,Desk Job,7.5,1.72,1096.6
36,29.1,Male,Desk Job,7.5,1.65,618.8
37,49.8,Male,Desk Job,7.5,1.86,52.7
38,25.2,Male,Desk Job,7.5,1.76,1433.5
39,39.9,Male,Desk Job,7.5,1.84,1313.3
40,30.1,Male,Desk Job,7.5,1.69,267.5
41,20.0,Male,Desk Job,7.5,1.89,1381.3
42,33.7,Male,Desk Job,7.5,1.80,1348.6
43,46.2,Female,Desk Job,7.5,1.72,233.2
44,48.7,Male,Desk Job,7.5,1.76,835.2
45,58.8,Female,Desk Job,7.5,1.70,348.7
46,36.5,Female,Desk Job,7.5,1.58,1039.9
47,48.3,Female,Desk Job,7.5,1.68,1304.2
48,40.8,Male,Desk Job,7.5,1.65,217.9
49,32.2,Male,Desk Job,7.5,1.82,1205.0
50,50.9,Male,Desk Job,7.5,1.77,138.7
51,25.8,Female,Desk Job,7.5,1.63,66.6
52,30.0,Female,Desk Job,7.5,1.69,360.6
53,61.5,Male,Desk Job,7.5,1.69,1054.0
54,40.8,Female,Desk Job,7.5,1.77,1220.3
55,26.0,Male,Desk Job,7.5,1.66,1010.5
56,48.0,Male,Desk Job,7.5,1.75,850.8
57,33.4,Male,Desk Job,7.5,1.78,1500.0
58,62.9,Male,Desk Job,7.5,1.73,1047.0
59,24.4,Female,Desk Job,7.5,1.56,390.6
60,35.6,Female,Desk Job,7.5,1.60,968.1
61,21.1,Male,Desk Job,7.5,1.92,1260.8
62,24.7,Female,Desk Job,7.5,1.73,143.7
63,33.1,Female,Desk Job,7.5,1.61,50.0
64,56.9,Male,Desk Job,7.5,1.91,800.2
65,45.8,Male,Desk Job,7.5,1.71,546.4
66,53.7,Male,Desk Job,7.5,1.81,50.0
67,51.4,Male,Desk Job,7.5,1.86,1500.0
68,40.0,Male,Desk Job,7.5,1.65,1462.6
69,37.5,Male,Desk Job,7.5,1.74,1500.0
70,54.2,Female,Desk Job,7.5,1.80,119.6
71,62.2,Female,Desk Job,7.5,1.75,50.0
72,33.3,Male,Desk Job,7.5,1.79,277.3
73,56.0,Male,Desk Job,7.5,1.66,275.3
74,23.5,Female,Desk Job,7.5,1.72,268.7
75,43.8,Female,Desk Job,7.5,1.75,1327.5
76,48.4,Male,Desk Job,7.5,1.71,1040.4
77,51.6,Female,Desk Job,7.5,1.78,1357.9
78,44.7,Female,Desk Job,7.5,1.69,626.6
79,27.5,Female,Desk Job,7.5,1.77,881.9
80,62.0,Male,Desk Job,7.5,1.71,600.3
81,50.6,Male,Desk Job,7.5,1.91,198.0
82,55.1,Male,Desk Job,7.5,1.86,453.0
83,26.6,Female,Desk Job,7.5,1.70,416.4
84,40.3,Female,Desk Job,7.5,1.73,1075.0
85,42.8,Male,Desk Job,7.5,1.83,617.2
86,25.4,Female,Desk Job,7.5,1.66,515.6
87,52.1,Male,Desk Job,7.5,1.89,243.2
88,44.7,Female,Desk Job,7.5,1.56,714.6
89,46.5,Male,Desk Job,7.5,1.94,1254.2
90,29.7,Male,Desk Job,7.5,1.66,565.2
91,52.7,Female,Desk Job,7.5,1.75,105.9
92,63.1,Male,Desk Job,7.5,1.94,517.5
93,62.8,Female,Desk Job,7.5,1.55,309.3
94,28.3,Male,Desk Job,7.5,1.81,518.2
95,56.1,Female,Desk Job,7.5,1.63,1324.9
96,55.5,Female,Desk Job,7.5,1.58,335.9
97,33.9,Female,Desk Job,7.5,1.62,153.5
98,47.8,Female,Desk Job,7.5,1.59,81.1
99,37.0,Male,Desk Job,7.5,1.78,1346.9
100,40.0,Female,Desk Job,7.5,1.79,111.1
101,53.3,Female,Desk Job,7.5,1.58,481.0
102,27.4,Male,Desk Job,7.5,1.75,1500.0
103,30.1,Male,Desk Job,7.5,1.95,1500.0
104,55.6,Female,Desk Job,7.5,1.72,996.2
105,37.6,Female,Desk Job,7.5,1.59,611.7
106,62.2,Female,Desk Job,7.5,1.57,718.5
107,51.6,Male,Desk Job,7.5,1.81,930.7
108,33.1,Female,Desk Job,7.5,1.56,696.4
109,23.5,Male,Desk Job,7.5,1.72,272.9
110,23.7,Female,Desk Job,7.5,1.75,788.5
111,45.6,Female,Desk Job,7.5,1.62,715.5
112,32.1,Female,Desk Job,7.5,1.70,174.4
113,50.7,Male,Desk Job,7.5,1.87,1107.0
114,64.1,Female,Desk Job,7.5,1.64,338.5
115,22.6,Male,Desk Job,7.5,1.80,1372.5
116,43.0,Female,Desk Job,7.5,1.79,454.7
117,57.2,Female,Desk Job,7.5,1.70,368.9
118,58.0,Male,Desk Job,7.5,1.79,1426.7
119,59.2,Male,Desk Job,7.5,1.92,1078.4
120,35.5,Female,Desk Job,7.5,1.70,50.0
121,61.3,Female,Desk Job,7.5,1.69,76.6
122,63.9,Male,Desk Job,7.5,1.95,320.2
123,31.8,Male,Desk Job,7.5,1.84,1439.6
124,42.1,Female,Desk Job,7.5,1.58,336.5
125,46.4,Female,Desk Job,7.5,1.70,674.6
126,52.0,Female,Desk Job,7.5,1.66,741.5
127,35.1,Female,Desk Job,7.5,1.74,1100.1
128,57.8,Female,Desk Job,7.5,1.58,807.8
129,35.1,Female,Desk Job,7.5,1.72,468.3
130,33.2,Male,Desk Job,7.5,1.76,1500.0
131,59.5,Male,Desk Job,7.5,1.88,270.4
132,24.7,Male,Desk Job,7.5,1.73,1315.8
133,50.8,Male,Desk Job,7.5,1.78,1500.0
134,57.8,Female,Desk Job,7.5,1.64,401.1
135,18.4,Female,Desk Job,7.5,1.68,261.9
136,26.2,Female,Desk Job,7.5,1.76,1500.0
137,35.8,Female,Desk Job,7.5,1.56,1067.8
138,61.8,Male,Desk Job,7.5,1.68,93.5
139,31.2,Female,Desk Job,7.5,1.71,709.0
140,32.7,Male,Desk Job,7.5,1.91,1500.0
141,62.3,Female,Desk Job,7.5,1.57,127.2
142,21.2,Male,Desk Job,7.5,1.80,1016.6
143,61.8,Male,Desk Job,7.5,1.67,50.0
144,43.2,Male,Desk Job,7.5,1.75,1007.6
145,44.9,Male,Desk Job,7.5,1.87,595.7
146,26.6,Male,Desk Job,7.5,1.71,545.5
147,31.9,Female,Desk Job,7.5,1.56,1257.0
148,18.2,Female,Desk Job,7.5,1.65,180.9
149,39.3,Male,Desk Job,7.5,1.85,532.6
150,26.0,Male,Desk Job,7.5,1.68,58.3
151,21.3,Female,Desk Job,7.5,1.59,370.2
152,50.4,Female,Desk Job,7.5,1.69,317.9
153,19.8,Male,Desk Job,7.5,1.95,1500.0
154,59.3,Female,Desk Job,7.5,1.73,359.5
155,55.5,Male,Desk Job,7.5,1.80,272.7
156,55.9,Female,Desk Job,7.5,1.60,880.3
157,57.8,Male,Desk Job,7.5,1.85,77.5
158,60.4,Male,Desk Job,7.5,1.93,1052.3
159,54.9,Male,Desk Job,7.5,1.79,532.3
160,57.9,Female,Desk Job,7.5,1.71,392.0
161,34.4,Female,Desk Job,7.5,1.65,168.1
162,32.7,Female,Desk Job,7.5,1.56,529.5
163,35.0,Female,Desk Job,7.5,1.69,923.7
164,41.1,Female,Desk Job,7.5,1.80,1285.4
165,19.8,Female,Desk Job,7.5,1.66,1155.7
166,42.0,Female,Desk Job,7.5,1.72,1318.1
167,46.3,Female,Desk Job,7.5,1.62,264.5
168,27.6,Male,Desk Job,7.5,1.93,92.3
169,57.1,Male,Desk Job,7.5,1.71,1009.6
170,63.2,Male,Desk Job,7.5,1.73,511.3
171,29.8,Male,Desk Job,7.5,1.85,1420.0
172,51.5,Male,Desk Job,7.5,1.92,1058.5
173,21.3,Female,Desk Job,7.5,1.75,441.6
174,35.3,Male,Desk Job,7.5,1.84,160.1
175,59.7,Male,Desk Job,7.5,1.77,54.3
176,19.3,Male,Desk Job,7.5,1.81,61.9
177,62.9,Male,Desk Job,7.5,1.84,1248.1
178,50.0,Male,Desk Job,7.5,1.81,811.1
179,29.5,Female,Desk Job,7.5,1.62,867.3
180,48.8,Male,Desk Job,7.5,1.66,198.8
181,34.4,Male,Desk Job,7.5,1.83,50.0
182,58.9,Female,Desk Job,7.5,1.60,812.3
183,37.7,Male,Desk Job,7.5,1.71,1407.4
184,21.5,Male,Desk Job,7.5,1.88,671.5
185,60.0,Male,Desk Job,7.5,1.92,1167.1
186,19.9,Male,Desk Job,7.5,1.85,1500.0
187,21.6,Female,Desk Job,7.5,1.61,1185.1
188,37.9,Female,Desk Job,7.5,1.78,94.4
189,58.3,Male,Desk Job,7.5,1.86,806.6
190,45.9,Female,Desk Job,7.5,1.64,723.7
191,49.1,Male,Desk Job,7.5,1.88,624.7
192,52.5,Male,Desk Job,7.5,1.90,1500.0
193,51.3,Female,Desk Job,7.5,1.68,587.7
194,32.8,Female,Desk Job,7.5,1.58,842.5
195,25.5,Male,Desk Job,7.5,1.79,281.5
196,41.5,Male,Desk Job,7.5,1.70,498.4
197,34.7,Male,Desk Job,7.5,1.84,1023.0
198,46.7,Female,Desk Job,7.5,1.62,421.4
199,61.4,Female,Desk Job,7.5,1.69,660.9
200,25.1,Female,Desk Job,7.5,1.67,1212.2
201,29.8,Female,Desk Job,7.5,1.56,50.0
202,47.2,Male,Desk Job,7.5,1.76,1164.6
203,28.6,Male,Desk Job,7.5,1.75,333.4
204,35.8,Male,Desk Job,7.5,1.93,1500.0
205,54.5,Female,Desk Job,7.5,1.60,676.7
206,59.0,Male,Desk Job,7.5,1.76,1099.3
207,34.2,Male,Desk Job,7.5,1.77,601.3
208,35.2,Male,Desk Job,7.5,1.67,590.5
209,46.3,Female,Desk Job,7.5,1.70,146.4
210,44.2,Female,Desk Job,7.5,1.69,375.6
211,61.5,Female,Desk Job,7.5,1.73,1157.4
212,33.1,Female,Desk Job,7.5,1.65,1064.9
213,52.9,Male,Desk Job,7.5,1.68,228.2
214,28.5,Female,Desk Job,7.5,1.72,1276.2
215,30.8,Female,Desk Job,7.5,1.71,1091.1
216,58.8,Female,Desk Job,7.5,1.61,774.4
217,51.2,Female,Desk Job,7.5,1.57,1052.3
218,19.0,Female,Desk Job,7.5,1.75,1109.3
219,41.8,Male,Desk Job,7.5,1.68,554.6
220,59.4,Male,Desk Job,7.5,1.86,1336.1
221,22.6,Male,Desk Job,7.5,1.93,350.1
222,46.3,Male,Desk Job,7.5,1.75,136.4
223,22.5,Female,Desk Job,7.5,1.56,50.0
224,53.8,Male,Desk Job,7.5,1.82,997.3
225,49.1,Female,Desk Job,7.5,1.57,1049.2
226,32.0,Male,Desk Job,7.5,1.70,1464.3
227,36.9,Female,Desk Job,7.5,1.66,218.5
228,41.9,Female,Desk Job,7.5,1.79,675.4
229,51.1,Male,Desk Job,7.5,1.78,994.2
230,33.2,Female,Desk Job,7.5,1.71,716.9
231,63.0,Female,Desk Job,7.5,1.65,362.9
232,45.2,Female,Desk Job,7.5,1.59,1204.9
233,45.1,Male,Desk Job,7.5,1.91,548.0
234,30.4,Male,Desk Job,7.5,1.82,425.7
235,61.7,Male,Desk Job,7.5,1.67,50.0
236,62.4,Female,Desk Job,7.5,1.57,50.0
237,48.0,Female,Desk Job,7.5,1.68,85.5
238,43.1,Female,Desk Job,7.5,1.73,1220.2
239,31.7,Male,Desk Job,7.5,1.93,435.3
240,29.8,Female,Desk Job,7.5,1.63,1108.3
241,31.5,Male,Desk Job,7.5,1.84,1500.0
242,40.3,Male,Desk Job,7.5,1.89,992.1
243,42.7,Female,Desk Job,7.5,1.79,1238.8
244,28.1,Male,Desk Job,7.5,1.66,315.9
245,25.9,Female,Desk Job,7.5,1.58,659.2
246,36.2,Female,Desk Job,7.5,1.60,839.9
247,33.5,Male,Desk Job,7.5,1.75,486.7
248,55.6,Female,Desk Job,7.5,1.79,694.3
249,24.2,Female,Desk Job,7.5,1.70,1090.0
250,30.5,Female,Desk Job,7.5,1.56,887.6
251,58.8,Male,Desk Job,7.5,1.91,993.6
252,34.0,Female,Desk Job,7.5,1.76,1304.0
253,60.4,Female,Desk Job,7.5,1.72,870.0
254,32.5,Female,Desk Job,7.5,1.61,759.2
255,29.9,Male,Desk Job,7.5,1.83,515.4
256,26.3,Female,Desk Job,7.5,1.64,1218.6
257,34.6,Male,Desk Job,7.5,1.71,857.2
258,33.6,Female,Desk Job,7.5,1.63,834.2
259,62.8,Female,Desk Job,7.5,1.65,663.7
260,19.5,Male,Desk Job,7.5,1.79,1500.0
261,21.1,Male,Desk Job,7.5,1.72,136.2
262,40.6,Male,Desk Job,7.5,1.87,471.4
263,59.8,Male,Desk Job,7.5,1.86,132.9
264,51.4,Female,Desk Job,7.5,1.57,830.2
265,55.5,Female,Desk Job,7.5,1.80,951.3
266,25.4,Female,Desk Job,7.5,1.67,860.4
267,22.8,Male,Desk Job,7.5,1.79,1500.0
268,50.5,Female,Desk Job,7.5,1.70,1166.8
269,32.8,Female,Desk Job,7.5,1.77,397.9
270,53.6,Male,Desk Job,7.5,1.93,953.7
271,39.9,Male,Desk Job,7.5,1.81,143.3
272,30.1,Female,Desk Job,7.5,1.59,374.2
273,61.6,Male,Desk Job,7.5,1.94,1135.0
274,39.1,Male,Desk Job,7.5,1.87,829.5
275,28.4,Male,Desk Job,7.5,1.77,1500.0
276,29.2,Male,Desk Job,7.5,1.81,1500.0
277,32.4,Female,Desk Job,7.5,1.59,1282.4
278,60.6,Female,Desk Job,7.5,1.72,335.3
279,20.1,Female,Desk Job,7.5,1.66,943.7
280,35.3,Female,Desk Job,7.5,1.74,230.3
281,63.2,Male,Desk Job,7.5,1.73,81.1
282,20.8,Female,Desk Job,7.5,1.65,904.6
283,49.3,Female,Desk Job,7.5,1.80,1215.2
284,53.5,Male,Desk Job,7.5,1.82,78.8
285,29.1,Female,Desk Job,7.5,1.68,1278.3
286,34.2,Female,Desk Job,7.5,1.58,930.3
287,48.2,Male,Desk Job,7.5,1.80,1494.3
288,58.7,Male,Desk Job,7.5,1.78,1500.0
289,26.7,Male,Desk Job,7.5,1.78,950.9
290,35.5,Male,Desk Job,7.5,1.65,373.3
291,27.4,Male,Desk Job,7.5,1.91,334.5
292,52.3,Female,Desk Job,7.5,1.67,77.9
293,33.7,Female,Desk Job,7.5,1.60,448.4
294,47.1,Female,Desk Job,7.5,1.68,696.7
295,20.3,Female,Desk Job,7.5,1.59,134.1
296,26.9,Female,Desk Job,7.5,1.79,487.2
297,61.9,Male,Desk Job,7.5,1.74,856.7
298,30.8,Male,Desk Job,7.5,1.90,1426.0
299,34.2,Female,Desk Job,7.5,1.60,861.4
300,45.3,Female,Desk Job,7.5,1.67,561.4
301,47.7,Female,Desk Job,7.5,1.72,132.1
302,42.3,Female,Desk Job,7.5,1.79,51.5
303,41.7,Male,Desk Job,7.5,1.73,848.8
304,60.9,Male,Desk Job,7.5,1.80,812.7
305,25.1,Female,Desk Job,7.5,1.68,232.4
306,50.7,Female,Desk Job,7.5,1.62,663.9
307,45.9,Female,Desk Job,7.5,1.72,50.0
308,58.6,Female,Desk Job,7.5,1.61,1026.2
309,56.7,Female,Desk Job,7.5,1.67,88.9
310,35.8,Female,Desk Job,7.5,1.79,1010.3
311,64.6,Male,Desk Job,7.5,1.67,87.5
312,30.7,Female,Desk Job,7.5,1.56,50.0
313,45.3,Male,Desk Job,7.5,1.71,1207.5
314,62.9,Female,Desk Job,7.5,1.55,160.7
315,36.9,Female,Desk Job,7.5,1.66,511.7
316,27.7,Female,Desk Job,7.5,1.75,843.8
317,47.5,Male,Desk Job,7.5,1.94,694.4
318,21.9,Female,Desk Job,7.5,1.62,734.4
319,24.2,Female,Desk Job,7.5,1.68,85.8
320,38.9,Female,Desk Job,7.5,1.64,454.3
321,43.6,Male,Desk Job,7.5,1.87,97.2
322,34.2,Female,Desk Job,7.5,1.60,1215.5
323,38.9,Female,Desk Job,7.5,1.72,368.1
324,27.4,Female,Desk Job,7.5,1.72,975.1
325,34.2,Female,Desk Job,7.5,1.73,915.4
326,38.0,Female,Desk Job,7.5,1.65,233.1
327,58.2,Male,Desk Job,7.5,1.81,1187.1
328,28.7,Female,Desk Job,7.5,1.61,1030.4
329,46.8,Female,Desk Job,7.5,1.69,946.4
330,47.5,Male,Desk Job,7.5,1.82,346.4
331,45.9,Male,Desk Job,7.5,1.94,50.0
332,20.0,Male,Desk Job,7.5,1.83,1500.0
333,23.2,Male,Desk Job,7.5,1.92,240.5
334,61.6,Male,Desk Job,7.5,1.83,908.5
335,21.8,Male,Desk Job,7.5,1.71,1500.0
336,18.9,Male,Desk Job,7.5,1.86,380.0
337,28.9,Male,Desk Job,7.5,1.81,1019.5
338,20.1,Female,Desk Job,7.5,1.78,591.1
339,64.5,Male,Desk Job,7.5,1.82,1136.0
340,31.7,Female,Desk Job,7.5,1.57,421.1
341,30.9,Male,Desk Job,7.5,1.66,1314.9
342,57.0,Female,Desk Job,7.5,1.56,552.9
343,22.6,Female,Desk Job,7.5,1.78,797.3
344,33.9,Male,Desk Job,7.5,1.70,280.6
345,53.1,Female,Desk Job,7.5,1.61,1178.8
346,35.5,Female,Desk Job,7.5,1.67,271.9
347,34.6,Female,Desk Job,7.5,1.78,176.7
348,41.0,Male,Desk Job,7.5,1.70,1500.0
349,23.0,Male,Desk Job,7.5,1.74,1500.0
350,31.2,Male,Desk Job,7.5,1.80,1500.0
351,22.1,Male,Desk Job,7.5,1.83,1500.0
352,59.8,Female,Desk Job,7.5,1.59,114.5
353,51.3,Female,Desk Job,7.5,1.76,506.3
354,36.0,Male,Desk Job,7.5,1.81,1367.7
355,54.0,Male,Desk Job,7.5,1.92,1500.0
356,61.5,Female,Desk Job,7.5,1.67,692.0
357,18.3,Female,Desk Job,7.5,1.77,400.5
358,62.2,Female,Desk Job,7.5,1.74,811.4
359,62.9,Male,Desk Job,7.5,1.70,52.1
360,29.2,Male,Desk Job,7.5,1.77,1500.0
361,64.5,Male,Desk Job,7.5,1.93,1475.8
362,49.3,Male,Desk Job,7.5,1.76,879.4
363,53.9,Female,Desk Job,7.5,1.68,205.3
364,61.3,Male,Desk Job,7.5,1.83,247.7
365,31.0,Male,Desk Job,7.5,1.89,308.2
366,34.5,Female,Desk Job,7.5,1.65,1253.3
367,48.1,Female,Desk Job,7.5,1.55,1088.2
368,45.5,Male,Desk Job,7.5,1.88,1473.7
369,21.2,Male,Desk Job,7.5,1.68,1324.3
370,54.1,Female,Desk Job,7.5,1.75,712.5
371,27.1,Male,Desk Job,7.5,1.80,1466.0
372,35.4,Male,Desk Job,7.5,1.81,295.5
373,38.4,Male,Desk Job,7.5,1.73,1500.0
374,48.3,Female,Desk Job,7.5,1.58,408.5
375,21.6,Male,Desk Job,7.5,1.80,1263.0
376,42.9,Male,Desk Job,7.5,1.73,166.8
377,54.3,Female,Desk Job,7.5,1.56,124.3
378,62.4,Female,Desk Job,7.5,1.72,1232.2
379,26.2,Female,Desk Job,7.5,1.60,50.0
380,37.5,Female,Desk Job,7.5,1.68,885.4
381,61.4,Male,Desk Job,7.5,1.95,1146.1
382,25.6,Male,Desk Job,7.5,1.87,1048.5
383,64.6,Female,Desk Job,7.5,1.66,857.0
384,27.4,Female,Desk Job,7.5,1.72,229.2
385,29.6,Female,Desk Job,7.5,1.63,271.2
386,42.4,Female,Desk Job,7.5,1.70,174.7
387,59.3,Male,Desk Job,7.5,1.79,892.5
388,44.6,Female,Desk Job,7.5,1.55,167.1
389,42.3,Male,Desk Job,7.5,1.76,1500.0
390,21.4,Female,Desk Job,7.5,1.67,100.8
391,19.5,Male,Desk Job,7.5,1.78,223.3
392,47.7,Female,Desk Job,7.5,1.58,999.5
393,59.0,Male,Desk Job,7.5,1.79,1144.6
394,51.8,Female,Desk Job,7.5,1.78,102.1
395,64.7,Male,Desk Job,7.5,1.94,283.8
396,24.5,Female,Desk Job,7.5,1.80,542.1
397,52.4,Male,Desk Job,7.5,1.91,947.1
398,48.8,Male,Desk Job,7.5,1.92,118.8
399,54.6,Male,Desk Job,7.5,1.83,1003.7
400,54.6,Female,Desk Job,7.5,1.62,282.2
401,50.1,Male,Desk Job,7.5,1.87,1173.2
402,37.5,Male,Desk Job,7.5,1.81,1276.4
403,32.3,Male,Desk Job,7.5,1.73,139.3
404,40.5,Male,Desk Job,7.5,1.65,1403.2
405,30.3,Female,Desk Job,7.5,1.70,532.4
406,29.3,Female,Desk Job,7.5,1.57,1078.1
407,56.3,Male,Desk Job,7.5,1.72,439.3
408,64.9,Female,Desk Job,7.5,1.79,58.9
409,55.0,Male,Desk Job,7.5,1.88,197.2
410,36.7,Female,Desk Job,7.5,1.68,854.9
411,26.2,Female,Desk Job,7.5,1.62,831.9
412,55.2,Male,Desk Job,7.5,1.93,526.7
413,29.5,Male,Desk Job,7.5,1.81,1398.9
414,51.5,Male,Desk Job,7.5,1.80,836.3
415,28.8,Male,Desk Job,7.5,1.68,1500.0
416,61.4,Female,Desk Job,7.5,1.70,568.7
417,44.4,Female,Desk Job,7.5,1.67,50.0
418,57.3,Female,Desk Job,7.5,1.60,50.0
419,60.7,Male,Desk Job,7.5,1.72,1027.4
420,44.3,Female,Desk Job,7.5,1.59,225.7
421,48.5,Female,Desk Job,7.5,1.72,373.9
422,30.4,Female,Desk Job,7.5,1.61,408.0
423,26.8,Female,Desk Job,7.5,1.56,229.9
424,20.0,Female,Desk Job,7.5,1.57,831.1
425,56.1,Female,Desk Job,7.5,1.58,341.9
426,57.9,Female,Desk Job,7.5,1.63,454.7
427,38.3,Female,Desk Job,7.5,1.61,439.0
428,26.9,Female,Desk Job,7.5,1.63,76.8
429,59.8,Female,Desk Job,7.5,1.55,83.7
430,32.9,Female,Desk Job,7.5,1.56,1242.3
431,52.8,Male,Desk Job,7.5,1.78,1364.6
432,38.4,Male,Desk Job,7.5,1.82,252.2
433,18.5,Female,Desk Job,7.5,1.58,1023.1
434,46.1,Male,Desk Job,7.5,1.93,1402.3
435,62.4,Male,Desk Job,7.5,1.69,829.9
436,36.8,Male,Desk Job,7.5,1.66,50.0
437,56.8,Male,Desk Job,7.5,1.73,1261.7
438,54.5,Male,Desk Job,7.5,1.70,862.2
439,20.6,Male,Desk Job,7.5,1.88,1291.6
440,63.9,Female,Desk Job,7.5,1.63,1258.8
441,48.7,Male,Desk Job,7.5,1.74,1426.4
442,52.8,Female,Desk Job,7.5,1.69,84.4
443,21.4,Female,Desk Job,7.5,1.64,537.4
444,61.6,Male,Desk Job,7.5,1.82,205.9
445,53.3,Male,Desk Job,7.5,1.77,502.2
446,49.9,Male,Desk Job,7.5,1.87,122.4
447,43.8,Female,Desk Job,7.5,1.67,70.7
448,56.6,Female,Desk Job,7.5,1.63,922.8
449,29.8,Male,Desk Job,7.5,1.75,1078.5
450,62.6,Male,Desk Job,7.5,1.68,1265.4
451,31.5,Male,Desk Job,7.5,1.74,382.9
452,18.7,Female,Desk Job,7.5,1.71,655.6
453,28.5,Male,Desk Job,7.5,1.78,1500.0
454,26.5,Male,Desk Job,7.5,1.91,1237.5
455,46.5,Male,Desk Job,7.5,1.70,520.6
456,39.4,Female,Desk Job,7.5,1.65,822.0
457,42.5,Female,Desk Job,7.5,1.55,1169.4
458,27.6,Male,Desk Job,7.5,1.79,572.5
459,20.7,Male,Desk Job,7.5,1.74,209.3
460,54.6,Male,Desk Job,7.5,1.70,1067.3
461,63.8,Male,Desk Job,7.5,1.83,138.0
462,20.3,Female,Desk Job,7.5,1.60,668.7
463,50.9,Male,Desk Job,7.5,1.94,282.9
464,63.7,Female,Desk Job,7.5,1.68,128.5
465,51.1,Female,Desk Job,7.5,1.59,418.2
466,43.9,Female,Desk Job,7.5,1.58,50.0
467,41.1,Female,Desk Job,7.5,1.61,445.5
468,63.8,Male,Desk Job,7.5,1.83,1183.8
469,20.5,Female,Desk Job,7.5,1.68,799.2
470,63.5,Male,Desk Job,7.5,1.83,422.1
471,52.7,Male,Desk Job,7.5,1.73,546.8
472,20.3,Male,Desk Job,7.5,1.71,1500.0
473,48.3,Male,Desk Job,7.5,1.82,1324.8
474,58.3,Female,Desk Job,7.5,1.78,135.1
475,51.6,Female,Desk Job,7.5,1.63,788.3
476,23.8,Male,Desk Job,7.5,1.76,595.4
477,52.4,Male,Desk Job,7.5,1.65,50.0
478,44.6,Female,Desk Job,7.5,1.75,1049.1
479,38.1,Female,Desk Job,7.5,1.56,73.7
480,45.8,Female,Desk Job,7.5,1.70,1134.5
481,39.5,Female,Desk Job,7.5,1.61,477.8
482,56.1,Male,Desk Job,7.5,1.94,612.0
483,44.5,Male,Desk Job,7.5,1.76,478.5
484,25.0,Female,Desk Job,7.5,1.55,947.9
485,52.2,Male,Desk Job,7.5,1.75,1027.0
486,57.2,Female,Desk Job,7.5,1.56,593.4
487,50.1,Male,Desk Job,7.5,1.88,1019.3
488,37.4,Male,Desk Job,7.5,1.82,853.8
489,56.6,Female,Desk Job,7.5,1.63,717.6
490,57.5,Male,Desk Job,7.5,1.69,178.8
491,49.3,Female,Desk Job,7.5,1.78,302.9
492,20.7,Male,Desk Job,7.5,1.89,1500.0
493,19.4,Female,Desk Job,7.5,1.78,196.0
494,23.3,Male,Desk Job,7.5,1.72,217.1
495,39.4,Female,Desk Job,7.5,1.67,1309.2
496,59.5,Female,Desk Job,7.5,1.70,255.7
497,38.7,Male,Desk Job,7.5,1.80,1500.0
498,54.8,Male,Desk Job,7.5,1.85,540.8
499,57.0,Female,Desk Job,7.5,1.79,74.0
500,26.0,Male,Desk Job,7.5,1.84,453.5
501,31.0,Female,Desk Job,7.5,1.75,875.0
502,27.3,Female,Desk Job,7.5,1.58,1154.6
503,50.8,Male,Desk Job,7.5,1.74,1013.6
504,29.5,Male,Desk Job,7.5,1.66,786.5
505,45.3,Male,Desk Job,7.5,1.75,869.6
506,21.4,Male,Desk Job,7.5,1.94,1008.6
507,30.6,Female,Desk Job,7.5,1.69,1207.4
508,20.9,Male,Desk Job,7.5,1.69,1242.5
509,33.2,Male,Desk Job,7.5,1.66,775.1
510,36.8,Male,Desk Job,7.5,1.87,584.5
511,63.0,Male,Desk Job,7.5,1.80,1500.0
512,45.9,Male,Desk Job,7.5,1.88,54.5
513,47.9,Male,Desk Job,7.5,1.89,1471.9
514,52.2,Female,Desk Job,7.5,1.77,50.0
515,50.1,Male,Desk Job,7.5,1.77,1342.2
516,26.2,Male,Desk Job,7.5,1.95,565.3
517,47.5,Female,Desk Job,7.5,1.70,998.3
518,23.5,Female,Desk Job,7.5,1.72,1500.0
519,29.8,Male,Desk Job,7.5,1.90,261.6
520,37.1,Male,Desk Job,7.5,1.68,1500.0
521,30.6,Female,Desk Job,7.5,1.59,193.3
522,20.1,Male,Desk Job,7.5,1.66,1141.7
523,60.6,Female,Desk Job,7.5,1.65,50.0
524,63.5,Male,Desk Job,7.5,1.82,1192.6
525,58.6,Female,Desk Job,7.5,1.77,414.4
526,18.8,Female,Desk Job,7.5,1.73,1432.3
527,45.8,Female,Desk Job,7.5,1.69,168.9
528,47.8,Male,Desk Job,7.5,1.90,607.0
529,42.6,Male,Desk Job,7.5,1.85,270.4
530,52.1,Male,Desk Job,7.5,1.74,1312.9
531,42.9,Female,Desk Job,7.5,1.74,852.5
532,40.1,Male,Desk Job,7.5,1.76,484.1
533,36.7,Female,Desk Job,7.5,1.68,792.6
534,20.2,Male,Desk Job,7.5,1.78,1500.0
535,56.2,Male,Desk Job,7.5,1.93,299.8
536,32.2,Male,Desk Job,7.5,1.77,793.8
537,23.0,Male,Desk Job,7.5,1.84,705.7
538,30.9,Female,Desk Job,7.5,1.76,1191.5
539,34.3,Female,Desk Job,7.5,1.69,911.2
540,32.0,Male,Desk Job,7.5,1.72,643.2
541,43.1,Male,Desk Job,7.5,1.73,317.9
542,48.3,Female,Desk Job,7.5,1.61,140.7
543,41.2,Male,Desk Job,7.5,1.83,231.5
544,32.8,Male,Desk Job,7.5,1.91,932.3
545,31.2,Female,Desk Job,7.5,1.75,194.6
546,49.7,Female,Desk Job,7.5,1.63,636.6
547,38.9,Female,Desk Job,7.5,1.66,1125.8
548,19.2,Male,Desk Job,7.5,1.76,268.8
549,30.8,Male,Desk Job,7.5,1.77,1500.0
550,40.7,Female,Desk Job,7.5,1.76,1271.9
551,21.4,Male,Desk Job,7.5,1.73,340.6
552,18.8,Male,Desk Job,7.5,1.85,286.8
553,57.5,Male,Desk Job,7.5,1.84,1339.5
554,18.5,Male,Desk Job,7.5,1.89,1500.0
555,21.5,Female,Desk Job,7.5,1.79,822.6
556,55.6,Male,Desk Job,7.5,1.81,850.7
557,50.7,Male,Desk Job,7.5,1.93,1172.3
558,22.1,Male,Desk Job,7.5,1.82,1500.0
559,48.9,Male,Desk Job,7.5,1.82,1119.0
560,21.4,Female,Desk Job,7.5,1.72,334.8
561,45.9,Female,Desk Job,7.5,1.66,50.0
562,51.4,Female,Desk Job,7.5,1.57,388.9
563,55.8,Female,Desk Job,7.5,1.75,660.7
564,55.6,Female,Desk Job,7.5,1.76,1076.5
565,41.9,Male,Desk Job,7.5,1.89,295.3
566,51.3,Female,Desk Job,7.5,1.66,643.3
567,32.0,Male,Desk Job,7.5,1.72,261.6
568,39.1,Male,Desk Job,7.5,1.65,485.2
569,46.2,Male,Desk Job,7.5,1.81,1500.0
570,61.9,Male,Desk Job,7.5,1.83,809.4
571,55.5,Male,Desk Job,7.5,1.81,455.8
572,59.8,Male,Desk Job,7.5,1.66,440.0
573,24.6,Female,Desk Job,7.5,1.59,358.0
574,39.5,Male,Desk Job,7.5,1.83,1465.2
575,40.6,Female,Desk Job,7.5,1.62,1365.8
576,44.4,Male,Desk Job,7.5,1.71,544.7
577,18.5,Male,Desk Job,7.5,1.80,1500.0
578,39.7,Male,Desk Job,7.5,1.66,269.1
579,56.8,Male,Desk Job,7.5,1.84,909.4
580,52.1,Female,Desk Job,7.5,1.62,389.0
581,53.7,Male,Desk Job,7.5,1.76,1101.3
582,64.4,Male,Desk Job,7.5,1.77,82.0
583,30.7,Female,Desk Job,7.5,1.78,877.5
584,45.4,Female,Desk Job,7.5,1.68,920.7
585,30.8,Male,Desk Job,7.5,1.71,912.7
586,27.6,Female,Desk Job,7.5,1.60,123.9
587,38.6,Male,Desk Job,7.5,1.74,971.7
588,61.8,Male,Desk Job,7.5,1.68,708.4
589,46.9,Female,Desk Job,7.5,1.63,202.3
590,37.4,Male,Desk Job,7.5,1.86,183.4
591,18.4,Female,Desk Job,7.5,1.55,850.6
592,47.0,Male,Desk Job,7.5,1.92,305.8
593,35.2,Female,Desk Job,7.5,1.70,847.1
594,30.7,Female,Desk Job,7.5,1.71,535.2
595,39.9,Female,Desk Job,7.5,1.61,209.1
596,24.4,Female,Desk Job,7.5,1.75,1018.3
597,27.7,Female,Desk Job,7.5,1.56,844.8
598,39.6,Female,Desk Job,7.5,1.57,769.4
599,49.8,Female,Desk Job,7.5,1.56,353.6
600,19.1,Male,Desk Job,7.5,1.71,51.7
601,45.9,Female,Desk Job,7.5,1.64,50.0
602,41.7,Female,Desk Job,7.5,1.59,1089.2
603,43.9,Female,Desk Job,7.5,1.62,1313.5
604,61.2,Male,Desk Job,7.5,1.81,1500.0
605,57.5,Female,Desk Job,7.5,1.77,360.0
606,48.8,Female,Desk Job,7.5,1.70,1025.1
607,49.8,Male,Desk Job,7.5,1.66,231.0
608,63.4,Male,Desk Job,7.5,1.90,1033.3
609,41.7,Male,Desk Job,7.5,1.80,1053.9
610,41.4,Female,Desk Job,7.5,1.68,51.1
611,31.7,Female,Desk Job,7.5,1.61,1460.3
612,23.5,Female,Desk Job,7.5,1.55,1181.7
613,62.9,Female,Desk Job,7.5,1.64,315.8
614,41.1,Female,Desk Job,7.5,1.72,666.4
615,27.2,Male,Desk Job,7.5,1.79,990.2
616,28.0,Male,Desk Job,7.5,1.81,1076.9
617,59.6,Female,Desk Job,7.5,1.57,72.7
618,29.9,Female,Desk Job,7.5,1.68,1136.5
619,37.1,Female,Desk Job,7.5,1.61,50.0
620,25.4,Male,Desk Job,7.5,1.68,149.5
621,30.7,Male,Desk Job,7.5,1.78,238.2
622,64.2,Female,Desk Job,7.5,1.74,708.5
623,45.5,Male,Desk Job,7.5,1.77,1472.6
624,43.8,Female,Desk Job,7.5,1.79,1150.2
625,57.9,Male,Desk Job,7.5,1.87,583.2
626,48.1,Male,Desk Job,7.5,1.91,1441.5
627,52.8,Female,Desk Job,7.5,1.68,460.3
628,44.4,Male,Desk Job,7.5,1.77,408.6
629,57.3,Male,Desk Job,7.5,1.87,261.7
630,39.2,Female,Desk Job,7.5,1.74,996.2
631,50.2,Female,Desk Job,7.5,1.57,880.6
632,32.8,Female,Desk Job,7.5,1.77,1128.3
633,49.4,Female,Desk Job,7.5,1.65,992.0
634,53.1,Male,Desk Job,7.5,1.74,611.3
635,26.0,Male,Desk Job,7.5,1.75,1105.6
636,36.4,Female,Desk Job,7.5,1.74,1185.7
637,60.8,Male,Desk Job,7.5,1.91,304.4
638,23.5,Female,Desk Job,7.5,1.75,366.0
639,57.3,Male,Desk Job,7.5,1.87,977.9
640,24.6,Female,Desk Job,7.5,1.79,969.7
641,30.5,Female,Desk Job,7.5,1.66,79.2
642,59.7,Male,Desk Job,7.5,1.82,1229.3
643,46.1,Female,Desk Job,7.5,1.76,228.3
644,21.9,Male,Desk Job,7.5,1.91,1500.0
645,47.3,Female,Desk Job,7.5,1.61,919.8
646,34.4,Female,Desk Job,7.5,1.62,813.4
647,52.3,Male,Desk Job,7.5,1.74,668.6
648,53.2,Female,Desk Job,7.5,1.71,233.5
649,35.8,Female,Desk Job,7.5,1.56,906.7
650,41.0,Male,Desk Job,7.5,1.83,1112.8
651,49.7,Female,Desk Job,7.5,1.67,112.2
652,20.2,Male,Desk Job,7.5,1.66,1156.8
653,57.8,Male,Desk Job,7.5,1.76,1105.7
654,57.0,Female,Desk Job,7.5,1.66,50.0
655,37.6,Female,Desk Job,7.5,1.66,428.3
656,39.0,Male,Desk Job,7.5,1.86,348.7
657,46.6,Female,Desk Job,7.5,1.57,50.0
658,62.6,Female,Desk Job,7.5,1.66,917.6
659,24.3,Female,Desk Job,7.5,1.56,894.3
660,38.1,Male,Desk Job,7.5,1.70,238.1
661,37.2,Male,Desk Job,7.5,1.91,286.8
662,21.7,Male,Desk Job,7.5,1.89,1178.4
663,21.0,Female,Desk Job,7.5,1.72,1337.0
664,62.2,Male,Desk Job,7.5,1.72,893.6
665,59.6,Male,Desk Job,7.5,1.92,637.4
666,30.8,Female,Desk Job,7.5,1.58,626.7
667,34.6,Male,Desk Job,7.5,1.76,1008.4
668,60.3,Male,Desk Job,7.5,1.73,196.7
669,24.3,Male,Desk Job,7.5,1.80,253.7
670,39.2,Male,Desk Job,7.5,1.73,226.7
671,49.0,Female,Desk Job,7.5,1.68,396.2
672,40.7,Male,Desk Job,7.5,1.76,129.7
673,25.4,Male,Desk Job,7.5,1.75,278.0
674,62.0,Female,Desk Job,7.5,1.67,188.2
675,27.2,Male,Desk Job,7.5,1.90,1500.0
676,56.8,Female,Desk Job,7.5,1.70,434.2
677,35.3,Male,Desk Job,7.5,1.73,400.1
678,47.7,Female,Desk Job,7.5,1.62,50.0
679,41.7,Female,Desk Job,7.5,1.61,408.6
680,19.7,Male,Desk Job,7.5,1.85,1001.4
681,37.0,Male,Desk Job,7.5,1.70,376.4
682,43.6,Male,Desk Job,7.5,1.69,1176.3
683,32.8,Female,Desk Job,7.5,1.68,960.9
684,46.3,Female,Desk Job,7.5,1.65,1415.2
685,38.3,Female,Desk Job,7.5,1.73,1089.3
686,23.3,Male,Desk Job,7.5,1.76,1500.0
687,37.4,Male,Desk Job,7.5,1.69,509.7
688,49.7,Female,Desk Job,7.5,1.79,757.8
689,35.0,Female,Desk Job,7.5,1.67,431.8
690,55.3,Male,Desk Job,7.5,1.93,181.6
691,19.9,Male,Desk Job,7.5,1.87,1172.0
692,47.7,Female,Desk Job,7.5,1.64,189.2
693,46.0,Female,Desk Job,7.5,1.61,783.6
694,52.4,Male,Desk Job,7.5,1.88,609.0
695,30.9,Female,Desk Job,7.5,1.75,1090.1
696,20.2,Male,Desk Job,7.5,1.68,981.3
697,56.0,Male,Desk Job,7.5,1.78,159.6
698,49.3,Male,Desk Job,7.5,1.89,1254.2
699,44.4,Female,Desk Job,7.5,1.69,864.4
700,51.3,Male,Desk Job,7.5,1.88,672.3
701,59.1,Female,Desk Job,7.5,1.70,947.1
702,28.1,Male,Desk Job,7.5,1.72,1159.5
703,39.8,Female,Desk Job,7.5,1.65,682.6
704,61.3,Male,Desk Job,7.5,1.70,159.0
705,41.4,Male,Desk Job,7.5,1.90,1391.5
706,49.3,Male,Desk Job,7.5,1.89,287.3
707,39.0,Male,Desk Job,7.5,1.77,1200.8
708,51.2,Female,Desk Job,7.5,1.55,136.6
709,24.9,Female,Desk Job,7.5,1.70,431.7
710,49.0,Male,Desk Job,7.5,1.78,284.2
711,59.7,Male,Desk Job,7.5,1.94,464.1
712,48.0,Female,Desk Job,7.5,1.63,184.2
713,54.7,Male,Desk Job,7.5,1.79,1237.4
714,20.6,Male,Desk Job,7.5,1.80,1012.2
715,33.8,Female,Desk Job,7.5,1.63,725.8
716,51.1,Male,Desk Job,7.5,1.66,1065.9
717,38.8,Female,Desk Job,7.5,1.78,487.9
718,44.9,Female,Desk Job,7.5,1.58,1200.8
719,35.2,Male,Desk Job,7.5,1.87,1209.0
720,53.7,Female,Desk Job,7.5,1.59,409.7
721,29.7,Female,Desk Job,7.5,1.56,488.4
722,48.8,Male,Desk Job,7.5,1.79,1000.1
723,37.0,Female,Desk Job,7.5,1.69,872.6
724,48.6,Female,Desk Job,7.5,1.58,408.5
725,50.5,Male,Desk Job,7.5,1.82,188.7
726,47.2,Female,Desk Job,7.5,1.69,1116.3
727,41.2,Male,Desk Job,7.5,1.93,1500.0
728,33.6,Male,Desk Job,7.5,1.74,50.0
729,44.9,Female,Desk Job,7.5,1.77,142.5
730,48.3,Female,Desk Job,7.5,1.75,832.9
731,27.7,Female,Desk Job,7.5,1.58,80.3
732,25.4,Male,Desk Job,7.5,1.79,1137.0
733,33.1,Female,Desk Job,7.5,1.76,167.5
734,46.4,Male,Desk Job,7.5,1.77,1500.0
735,39.9,Male,Desk Job,7.5,1.89,1156.9
736,50.1,Male,Desk Job,7.5,1.94,193.3
737,33.2,Male,Desk Job,7.5,1.68,917.3
738,35.7,Female,Desk Job,7.5,1.57,1007.7
739,35.2,Female,Desk Job,7.5,1.75,963.9
740,30.5,Female,Desk Job,7.5,1.69,232.7
741,51.8,Male,Desk Job,7.5,1.74,50.0
742,38.4,Male,Desk Job,7.5,1.87,189.3
743,50.7,Female,Desk Job,7.5,1.79,66.4
744,26.2,Female,Desk Job,7.5,1.73,1250.1
745,57.4,Female,Desk Job,7.5,1.60,395.0
746,50.8,Male,Desk Job,7.5,1.76,456.4
747,54.9,Male,Desk Job,7.5,1.90,968.1
748,31.3,Male,Desk Job,7.5,1.70,634.8
749,28.6,Male,Desk Job,7.5,1.66,492.7
750,35.5,Female,Desk Job,7.5,1.70,683.8
751,21.4,Female,Desk Job,7.5,1.68,495.3
752,34.2,Male,Desk Job,7.5,1.67,554.6
753,28.2,Male,Desk Job,7.5,1.88,1068.0
754,54.8,Male,Desk Job,7.5,1.71,224.4
755,31.2,Male,Desk Job,7.5,1.68,447.6
756,20.2,Male,Desk Job,7.5,1.80,1500.0
757,49.5,Female,Desk Job,7.5,1.78,145.5
758,21.2,Male,Desk Job,7.5,1.90,1500.0
759,26.3,Female,Desk Job,7.5,1.71,267.4
760,43.2,Male,Desk Job,7.5,1.73,1180.4
761,34.4,Female,Desk Job,7.5,1.72,468.1
762,62.6,Male,Desk Job,7.5,1.95,1044.6
763,52.3,Female,Desk Job,7.5,1.79,1323.6
764,63.0,Male,Desk Job,7.5,1.84,994.7
765,59.5,Female,Desk Job,7.5,1.57,705.3
766,60.6,Female,Desk Job,7.5,1.66,50.0
767,31.2,Male,Desk Job,7.5,1.66,1229.4
768,55.7,Female,Desk Job,7.5,1.62,1043.4
769,53.7,Female,Desk Job,7.5,1.67,558.7
770,59.7,Male,Desk Job,7.5,1.92,1019.3
771,53.5,Male,Desk Job,7.5,1.85,315.2
772,34.6,Male,Desk Job,7.5,1.77,956.5
773,19.6,Male,Desk Job,7.5,1.75,1500.0
774,57.7,Male,Desk Job,7.5,1.90,811.5
775,63.0,Female,Desk Job,7.5,1.75,1139.2
776,58.2,Female,Desk Job,7.5,1.76,762.4
777,35.9,Female,Desk Job,7.5,1.69,1148.0
778,38.0,Female,Desk Job,7.5,1.59,311.7
779,27.6,Female,Desk Job,7.5,1.59,1158.4
780,30.0,Female,Desk Job,7.5,1.64,124.7
781,45.4,Female,Desk Job,7.5,1.78,1082.0
782,56.9,Male,Desk Job,7.5,1.69,1362.6
783,41.9,Male,Desk Job,7.5,1.94,371.8
784,28.0,Male,Desk Job,7.5,1.87,330.0
785,27.3,Male,Desk Job,7.5,1.86,130.8
786,57.4,Male,Desk Job,7.5,1.80,245.9
787,61.8,Female,Desk Job,7.5,1.79,895.1
788,51.4,Female,Desk Job,7.5,1.73,1188.7
789,49.2,Female,Desk Job,7.5,1.65,255.2
790,32.5,Male,Desk Job,7.5,1.90,1016.1
791,55.2,Female,Desk Job,7.5,1.61,149.3
792,37.2,Male,Desk Job,7.5,1.72,936.3
793,60.8,Female,Desk Job,7.5,1.79,1001.6
794,35.4,Female,Desk Job,7.5,1.55,97.4
795,33.9,Female,Desk Job,7.5,1.70,248.5
796,20.1,Female,Desk Job,7.5,1.69,1356.3
797,50.2,Male,Desk Job,7.5,1.87,808.0
798,52.9,Female,Desk Job,7.5,1.57,699.1
799,19.8,Male,Desk Job,7.5,1.86,226.4
800,28.9,Male,Desk Job,7.5,1.79,1500.0
801,52.7,Male,Desk Job,7.5,1.73,919.5
802,52.5,Female,Desk Job,7.5,1.67,290.6
803,50.8,Female,Desk Job,7.5,1.61,382.1
804,61.6,Female,Desk Job,7.5,1.70,50.0
805,37.8,Male,Desk Job,7.5,1.72,1036.0
806,59.9,Male,Desk Job,7.5,1.85,893.5
807,54.6,Male,Desk Job,7.5,1.85,497.9
808,61.0,Male,Desk Job,7.5,1.88,869.1
809,38.5,Female,Desk Job,7.5,1.76,1261.5
810,32.5,Male,Desk Job,7.5,1.86,1422.8
811,48.3,Female,Desk Job,7.5,1.60,781.5
812,19.5,Male,Desk Job,7.5,1.78,239.8
813,32.0,Female,Desk Job,7.5,1.79,1308.0
814,43.6,Male,Desk Job,7.5,1.71,1473.8
815,54.4,Male,Desk Job,7.5,1.79,671.1
816,29.9,Female,Desk Job,7.5,1.72,681.7
817,41.0,Male,Desk Job,7.5,1.81,262.6
818,49.3,Male,Desk Job,7.5,1.75,1359.5
819,43.2,Male,Desk Job,7.5,1.66,1166.1
820,57.1,Male,Desk Job,7.5,1.75,85.5
821,49.7,Male,Desk Job,7.5,1.76,1167.1
822,64.7,Male,Desk Job,7.5,1.86,50.0
823,27.5,Female,Desk Job,7.5,1.66,1186.9
824,53.9,Male,Desk Job,7.5,1.75,1439.9
825,50.7,Male,Desk Job,7.5,1.67,711.4
826,34.7,Female,Desk Job,7.5,1.72,1409.7
827,29.5,Male,Desk Job,7.5,1.81,1500.0
828,39.6,Male,Desk Job,7.5,1.94,1500.0
829,27.8,Female,Desk Job,7.5,1.64,135.1
830,37.1,Female,Desk Job,7.5,1.70,1165.0
831,39.9,Female,Desk Job,7.5,1.76,392.3
832,45.8,Male,Desk Job,7.5,1.95,159.0
833,27.4,Male,Desk Job,7.5,1.78,163.5
834,55.4,Male,Desk Job,7.5,1.81,58.3
835,45.0,Female,Desk Job,7.5,1.57,1020.3
836,52.3,Female,Desk Job,7.5,1.70,1079.5
837,27.2,Male,Desk Job,7.5,1.91,1300.1
838,48.0,Female,Desk Job,7.5,1.75,841.5
839,26.5,Female,Desk Job,7.5,1.72,1160.9
840,47.8,Female,Desk Job,7.5,1.70,540.5
841,42.8,Male,Desk Job,7.5,1.89,1286.8
842,62.9,Male,Desk Job,7.5,1.87,792.7
843,25.5,Female,Desk Job,7.5,1.73,798.0
844,32.8,Male,Desk Job,7.5,1.86,159.5
845,40.6,Male,Desk Job,7.5,1.87,1108.3
846,55.5,Male,Desk Job,7.5,1.86,552.9
847,33.0,Male,Desk Job,7.5,1.88,1187.2
848,62.9,Male,Desk Job,7.5,1.90,427.2
849,44.0,Female,Desk Job,7.5,1.58,334.5
850,53.9,Female,Desk Job,7.5,1.67,333.7
851,24.8,Male,Desk Job,7.5,1.78,179.4
852,49.3,Female,Desk Job,7.5,1.67,1139.5
853,44.6,Female,Desk Job,7.5,1.56,172.5
854,41.5,Male,Desk Job,7.5,1.76,79.7
855,40.5,Female,Desk Job,7.5,1.67,1051.9
856,52.1,Male,Desk Job,7.5,1.92,597.8
857,21.3,Male,Desk Job,7.5,1.91,1200.0
858,44.5,Female,Desk Job,7.5,1.57,584.7
859,32.6,Male,Desk Job,7.5,1.74,1089.9
860,30.5,Female,Desk Job,7.5,1.66,975.2
861,48.6,Female,Desk Job,7.5,1.66,241.6
862,18.4,Female,Desk Job,7.5,1.59,846.0
863,31.0,Female,Desk Job,7.5,1.56,175.6
864,57.7,Female,Desk Job,7.5,1.79,488.7
865,26.5,Female,Desk Job,7.5,1.66,1251.9
866,33.8,Male,Desk Job,7.5,1.73,89.8
867,55.0,Female,Desk Job,7.5,1.61,109.0
868,34.1,Female,Desk Job,7.5,1.72,1375.2
869,25.8,Female,Desk Job,7.5,1.72,486.5
870,33.0,Female,Desk Job,7.5,1.71,1028.4
871,33.3,Male,Desk Job,7.5,1.72,1500.0
872,42.3,Female,Desk Job,7.5,1.69,50.0
873,45.4,Female,Desk Job,7.5,1.56,703.4
874,33.7,Female,Desk Job,7.5,1.58,106.8
875,58.1,Female,Desk Job,7.5,1.60,673.0
876,21.2,Male,Desk Job,7.5,1.75,1439.8
877,38.1,Female,Desk Job,7.5,1.70,248.8
878,31.1,Male,Desk Job,7.5,1.90,1500.0
879,46.9,Female,Desk Job,7.5,1.72,1146.0
880,44.5,Female,Desk Job,7.5,1.58,720.3
881,40.9,Male,Desk Job,7.5,1.84,957.5
882,59.2,Male,Desk Job,7.5,1.70,162.6
883,27.7,Male,Desk Job,7.5,1.94,92.1
884,43.9,Female,Desk Job,7.5,1.66,282.6
885,53.0,Female,Desk Job,7.5,1.61,148.1
886,20.6,Female,Desk Job,7.5,1.74,104.6
887,54.1,Female,Desk Job,7.5,1.73,931.0
888,21.8,Female,Desk Job,7.5,1.60,550.5
889,31.6,Female,Desk Job,7.5,1.59,50.0
890,47.0,Male,Desk Job,7.5,1.73,1066.7
891,58.4,Female,Desk Job,7.5,1.69,207.7
892,53.5,Male,Desk Job,7.5,1.72,690.4
893,55.3,Female,Desk Job,7.5,1.58,641.6
894,49.3,Male,Desk Job,7.5,1.90,1500.0
895,61.7,Male,Desk Job,7.5,1.91,1089.2
896,21.8,Male,Desk Job,7.5,1.76,1048.0
897,36.7,Male,Desk Job,7.5,1.86,54.7
898,64.4,Male,Desk Job,7.5,1.71,508.2
899,42.7,Male,Desk Job,7.5,1.78,600.0
900,41.7,Male,Desk Job,7.5,1.75,1078.9
901,58.2,Female,Desk Job,7.5,1.80,868.4
902,57.3,Female,Desk Job,7.5,1.75,252.0
903,30.8,Female,Desk Job,7.5,1.56,865.2
904,40.2,Male,Desk Job,7.5,1.74,95.2
905,52.1,Female,Desk Job,7.5,1.64,709.0
906,23.7,Male,Desk Job,7.5,1.85,1500.0
907,33.1,Male,Desk Job,7.5,1.70,566.3
908,31.4,Female,Desk Job,7.5,1.56,916.9
909,50.2,Female,Desk Job,7.5,1.59,516.5
910,44.0,Male,Desk Job,7.5,1.66,582.2
911,64.9,Female,Desk Job,7.5,1.68,1083.0
912,19.6,Male,Desk Job,7.5,1.74,1500.0
913,22.1,Male,Desk Job,7.5,1.74,1500.0
914,20.3,Male,Desk Job,7.5,1.66,1500.0
915,22.4,Male,Desk Job,7.5,1.81,320.3
916,53.5,Female,Desk Job,7.5,1.78,239.7
917,63.4,Male,Desk Job,7.5,1.78,472.7
918,44.8,Female,Desk Job,7.5,1.57,796.4
919,59.5,Male,Desk Job,7.5,1.70,766.0
920,60.3,Female,Desk Job,7.5,1.59,663.2
921,35.9,Female,Desk Job,7.5,1.72,1162.7
922,44.0,Male,Desk Job,7.5,1.72,1145.3
923,43.9,Female,Desk Job,7.5,1.57,912.1
924,18.4,Female,Desk Job,7.5,1.58,122.2
925,24.2,Male,Desk Job,7.5,1.82,649.2
926,54.6,Female,Desk Job,7.5,1.62,655.7
927,45.7,Female,Desk Job,7.5,1.78,636.7
928,37.4,Female,Desk Job,7.5,1.73,1200.3
929,49.7,Male,Desk Job,7.5,1.80,794.4
930,50.6,Female,Desk Job,7.5,1.77,733.9
931,54.7,Male,Desk Job,7.5,1.68,442.2
932,26.2,Female,Desk Job,7.5,1.75,402.6
933,31.3,Female,Desk Job,7.5,1.78,1429.6
934,39.4,Female,Desk Job,7.5,1.59,498.5
935,26.5,Female,Desk Job,7.5,1.60,50.0
936,41.4,Male,Desk Job,7.5,1.75,402.5
937,42.8,Male,Desk Job,7.5,1.80,50.0
938,54.3,Female,Desk Job,7.5,1.57,601.5
939,63.6,Female,Desk Job,7.5,1.70,418.8
940,21.2,Male,Desk Job,7.5,1.77,666.0
941,42.4,Male,Desk Job,7.5,1.81,1500.0
942,46.1,Male,Desk Job,7.5,1.91,303.1
943,48.7,Male,Desk Job,7.5,1.88,1234.1
944,50.1,Female,Desk Job,7.5,1.76,771.1
945,25.1,Female,Desk Job,7.5,1.73,1217.0
946,34.1,Male,Desk Job,7.5,1.81,1255.3
947,37.0,Female,Desk Job,7.5,1.77,1379.8
948,25.9,Male,Desk Job,7.5,1.71,335.6
949,24.1,Female,Desk Job,7.5,1.64,949.3
950,35.5,Female,Desk Job,7.5,1.56,413.6
951,25.7,Female,Desk Job,7.5,1.55,83.6
952,53.4,Female,Desk Job,7.5,1.65,571.9
953,24.3,Male,Desk Job,7.5,1.84,282.8
954,31.0,Female,Desk Job,7.5,1.65,1019.3
955,59.0,Female,Desk Job,7.5,1.76,680.9
956,48.6,Female,Desk Job,7.5,1.70,940.6
957,57.1,Male,Desk Job,7.5,1.72,205.5
958,22.2,Male,Desk Job,7.5,1.72,296.4
959,21.9,Male,Desk Job,7.5,1.80,969.0
960,44.9,Male,Desk Job,7.5,1.76,611.9
961,60.8,Male,Desk Job,7.5,1.68,1188.6
962,29.0,Male,Desk Job,7.5,1.72,567.4
963,56.7,Female,Desk Job,7.5,1.67,649.5
964,34.0,Male,Desk Job,7.5,1.94,1042.5
965,51.3,Male,Desk Job,7.5,1.91,1116.6
966,24.6,Female,Desk Job,7.5,1.71,1196.3
967,53.0,Male,Desk Job,7.5,1.83,394.5
968,29.6,Male,Desk Job,7.5,1.70,1500.0
969,35.6,Male,Desk Job,7.5,1.76,438.3
970,37.5,Male,Desk Job,7.5,1.89,818.7
971,36.4,Female,Desk Job,7.5,1.61,265.9
972,48.4,Male,Desk Job,7.5,1.69,1254.7
973,52.8,Male,Desk Job,7.5,1.75,520.7
974,57.8,Female,Desk Job,7.5,1.64,651.5
975,41.3,Female,Desk Job,7.5,1.62,1243.5
976,29.7,Male,Desk Job,7.5,1.71,162.0
977,29.5,Female,Desk Job,7.5,1.69,989.8
978,31.3,Male,Desk Job,7.5,1.69,193.5
979,51.8,Male,Desk Job,7.5,1.79,1124.7
980,51.7,Female,Desk Job,7.5,1.79,1389.0
981,20.3,Male,Desk Job,7.5,1.82,305.6
982,53.8,Female,Desk Job,7.5,1.61,1069.2
983,33.6,Female,Desk Job,7.5,1.64,373.2
984,51.1,Female,Desk Job,7.5,1.80,1399.4
985,58.2,Female,Desk Job,7.5,1.61,411.1
986,61.8,Male,Desk Job,7.5,1.83,522.1
987,20.6,Male,Desk Job,7.5,1.93,794.7
988,19.0,Male,Desk Job,7.5,1.78,478.5
989,59.0,Female,Desk Job,7.5,1.79,424.8
990,57.5,Male,Desk Job,7.5,1.65,1086.6
991,57.1,Female,Desk Job,7.5,1.63,1121.8
992,27.0,Female,Desk Job,7.5,1.65,921.1
993,56.7,Female,Desk Job,7.5,1.79,626.6
994,56.9,Male,Desk Job,7.5,1.92,255.7
995,21.2,Male,Desk Job,7.5,1.76,334.8
996,39.6,Male,Desk Job,7.5,1.87,1204.8
997,25.5,Male,Desk Job,7.5,1.67,1500.0
998,48.3,Female,Desk Job,7.5,1.75,140.3
999,34.0,Male,Desk Job,7.5,1.84,1500.0
1000,23.7,Male,Desk Job,7.5,1.66,581.9
1001,41.0,Male,Desk Job,7.5,1.86,1500.0
1002,52.9,Female,Desk Job,7.5,1.67,747.1
1003,56.9,Male,Desk Job,7.5,1.74,764.4
1004,31.9,Male,Desk Job,7.5,1.86,1500.0
1005,43.3,Female,Desk Job,7.5,1.66,800.6
1006,32.0,Male,Desk Job,7.5,1.69,1333.9
1007,45.0,Female,Desk Job,7.5,1.58,927.1
1008,22.2,Female,Desk Job,7.5,1.76,1458.2
1009,35.3,Female,Desk Job,7.5,1.63,703.7
1010,21.8,Male,Desk Job,7.5,1.86,70.7
1011,20.8,Female,Desk Job,7.5,1.70,1195.9
1012,53.4,Male,Desk Job,7.5,1.80,1321.8
1013,22.3,Female,Desk Job,7.5,1.72,117.0
1014,57.6,Female,Desk Job,7.5,1.76,395.6
1015,47.4,Female,Desk Job,7.5,1.57,68.8
1016,39.1,Female,Desk Job,7.5,1.67,826.3
1017,30.5,Female,Desk Job,7.5,1.70,375.3
1018,43.8,Male,Desk Job,7.5,1.70,203.8
1019,64.7,Female,Desk Job,7.5,1.72,445.2
1020,39.1,Male,Desk Job,7.5,1.94,103.5
1021,62.3,Male,Desk Job,7.5,1.84,939.6
1022,55.0,Female,Desk Job,7.5,1.71,863.3
1023,21.8,Male,Desk Job,7.5,1.87,445.0
1024,28.9,Female,Desk Job,7.5,1.73,992.5
1025,55.6,Male,Desk Job,7.5,1.89,179.8
1026,25.8,Female,Desk Job,7.5,1.64,938.6
1027,47.9,Female,Desk Job,7.5,1.57,186.1
1028,47.1,Female,Desk Job,7.5,1.66,80.8
1029,61.6,Male,Desk Job,7.5,1.85,1500.0
1030,54.8,Male,Desk Job,7.5,1.74,1419.9
1031,64.4,Female,Desk Job,7.5,1.60,1197.6
1032,30.2,Male,Desk Job,7.5,1.94,346.9
1033,64.0,Female,Desk Job,7.5,1.56,721.7
1034,26.7,Male,Desk Job,7.5,1.66,221.9
1035,45.1,Female,Desk Job,7.5,1.69,1188.7
1036,53.7,Male,Desk Job,7.5,1.71,907.5
1037,27.0,Female,Desk Job,7.5,1.69,162.1
1038,19.2,Male,Desk Job,7.5,1.76,1500.0
1039,44.8,Female,Desk Job,7.5,1.64,746.6
1040,41.4,Female,Desk Job,7.5,1.79,675.2
1041,61.0,Female,Desk Job,7.5,1.56,598.2
1042,28.2,Female,Desk Job,7.5,1.75,50.0
1043,31.3,Female,Desk Job,7.5,1.67,753.7
1044,34.6,Female,Desk Job,7.5,1.73,1251.5
1045,50.1,Female,Desk Job,7.5,1.66,691.3
1046,45.2,Male,Desk Job,7.5,1.80,165.9
1047,35.6,Female,Desk Job,7.5,1.73,428.5
1048,23.5,Male,Desk Job,7.5,1.83,710.3
1049,60.2,Male,Desk Job,7.5,1.78,847.5
1050,47.8,Male,Desk Job,7.5,1.79,93.9
1051,59.6,Male,Desk Job,7.5,1.79,1036.0
1052,27.5,Male,Desk Job,7.5,1.78,222.1
1053,42.7,Female,Desk Job,7.5,1.56,892.2
1054,43.6,Female,Desk Job,7.5,1.78,59.0
1055,53.8,Female,Desk Job,7.5,1.80,808.2
1056,52.1,Female,Desk Job,7.5,1.78,1099.9
1057,37.0,Male,Desk Job,7.5,1.88,597.5
1058,30.5,Female,Desk Job,7.5,1.77,236.2
1059,22.5,Male,Desk Job,7.5,1.76,1264.8
1060,26.0,Male,Desk Job,7.5,1.68,1500.0
1061,47.5,Female,Desk Job,7.5,1.70,1227.0
1062,42.2,Female,Desk Job,7.5,1.73,1003.6
1063,45.3,Female,Desk Job,7.5,1.64,419.3
1064,54.5,Male,Desk Job,7.5,1.86,553.1
1065,57.8,Female,Desk Job,7.5,1.61,1022.7
1066,24.9,Male,Desk Job,7.5,1.95,1247.3
1067,29.0,Female,Desk Job,7.5,1.63,50.0
1068,21.2,Female,Desk Job,7.5,1.66,176.4
1069,33.7,Female,Desk Job,7.5,1.78,94.7
1070,42.5,Female,Desk Job,7.5,1.64,547.6
1071,18.4,Male,Desk Job,7.5,1.80,1352.4
1072,32.9,Male,Desk Job,7.5,1.86,258.3
1073,30.7,Male,Desk Job,7.5,1.85,77.2
1074,28.3,Female,Desk Job,7.5,1.67,459.9
1075,39.2,Male,Desk Job,7.5,1.73,972.5
1076,59.9,Female,Desk Job,7.5,1.70,156.3
1077,44.8,Male,Desk Job,7.5,1.83,525.8
1078,41.3,Female,Desk Job,7.5,1.66,257.2
1079,26.9,Male,Desk Job,7.5,1.91,1081.8
1080,52.7,Male,Desk Job,7.5,1.68,1380.3
1081,60.3,Male,Desk Job,7.5,1.90,471.7
1082,34.2,Female,Desk Job,7.5,1.73,356.8
1083,23.8,Female,Desk Job,7.5,1.80,81.5
1084,42.4,Male,Desk Job,7.5,1.92,952.3
1085,48.4,Male,Desk Job,7.5,1.68,293.5
1086,47.8,Male,Desk Job,7.5,1.81,1048.8
1087,38.1,Male,Desk Job,7.5,1.86,404.8
1088,24.4,Male,Desk Job,7.5,1.71,886.2
1089,37.2,Male,Desk Job,7.5,1.86,1500.0
1090,39.3,Female,Desk Job,7.5,1.73,1292.3
1091,37.1,Female,Desk Job,7.5,1.64,1120.9
1092,18.6,Female,Desk Job,7.5,1.65,1044.9
1093,37.8,Male,Desk Job,7.5,1.92,409.2
1094,61.7,Male,Desk Job,7.5,1.91,536.2
1095,61.9,Female,Desk Job,7.5,1.58,84.5
1096,60.4,Female,Desk Job,7.5,1.56,743.3
1097,53.0,Male,Desk Job,7.5,1.72,400.9
1098,62.4,Female,Desk Job,7.5,1.60,697.9
1099,59.1,Male,Desk Job,7.5,1.70,1179.2
1100,46.2,Male,Desk Job,7.5,1.76,805.5
1101,39.5,Male,Desk Job,7.5,1.66,1458.2
1102,25.7,Female,Desk Job,7.5,1.58,683.7
1103,60.6,Female,Desk Job,7.5,1.73,891.6
1104,59.8,Male,Desk Job,7.5,1.66,188.0
1105,50.9,Male,Desk Job,7.5,1.79,906.6
1106,38.1,Female,Desk Job,7.5,1.66,90.9
1107,30.1,Male,Desk Job,7.5,1.81,208.1
1108,23.5,Male,Desk Job,7.5,1.69,1342.0
1109,26.0,Male,Desk Job,7.5,1.95,1500.0
1110,34.9,Male,Desk Job,7.5,1.71,1374.9
1111,54.7,Female,Desk Job,7.5,1.62,50.2
1112,27.0,Male,Desk Job,7.5,1.89,1308.8
1113,60.9,Female,Desk Job,7.5,1.60,513.7
1114,58.8,Female,Desk Job,7.5,1.68,50.0
1115,25.1,Female,Desk Job,7.5,1.68,696.9
1116,40.8,Female,Desk Job,7.5,1.57,93.3
1117,63.2,Male,Desk Job,7.5,1.72,1301.0
1118,38.7,Female,Desk Job,7.5,1.57,1153.0
1119,20.5,Female,Desk Job,7.5,1.77,228.7
1120,39.6,Male,Desk Job,7.5,1.75,577.4
1121,19.6,Male,Desk Job,7.5,1.84,320.6
1122,34.0,Female,Desk Job,7.5,1.58,377.5
1123,48.0,Female,Desk Job,7.5,1.79,1352.4
1124,30.3,Male,Desk Job,7.5,1.89,1500.0
1125,45.2,Male,Desk Job,7.5,1.76,448.0
1126,49.1,Female,Desk Job,7.5,1.79,216.6
1127,51.1,Female,Desk Job,7.5,1.74,70.0
1128,34.2,Male,Desk Job,7.5,1.67,1169.5
1129,21.3,Male,Desk Job,7.5,1.69,1017.5
1130,25.8,Female,Desk Job,7.5,1.65,1462.7
1131,37.3,Female,Desk Job,7.5,1.61,919.9
1132,36.1,Female,Desk Job,7.5,1.57,50.0
1133,26.1,Male,Desk Job,7.5,1.71,429.3
1134,48.0,Female,Desk Job,7.5,1.78,158.6
1135,34.5,Male,Desk Job,7.5,1.67,1324.9
1136,46.9,Female,Desk Job,7.5,1.58,814.9
1137,52.4,Female,Desk Job,7.5,1.78,1475.8
1138,35.8,Female,Desk Job,7.5,1.63,407.1
1139,51.3,Female,Desk Job,7.5,1.61,234.0
1140,41.2,Male,Desk Job,7.5,1.94,1316.0
1141,32.7,Male,Desk Job,7.5,1.83,1307.6
1142,44.6,Female,Desk Job,7.5,1.63,987.6
1143,57.8,Male,Desk Job,7.5,1.71,1076.2
1144,48.1,Male,Desk Job,7.5,1.95,249.6
1145,23.9,Female,Desk Job,7.5,1.64,50.0
1146,31.3,Female,Desk Job,7.5,1.59,961.0
1147,28.7,Female,Desk Job,7.5,1.73,175.0
1148,50.2,Female,Desk Job,7.5,1.55,304.2
1149,19.0,Male,Desk Job,7.5,1.90,345.2
1150,34.2,Male,Desk Job,7.5,1.69,185.8
1151,59.8,Female,Desk Job,7.5,1.77,227.3
1152,45.4,Male,Desk Job,7.5,1.94,1376.0
1153,49.3,Female,Desk Job,7.5,1.56,929.9
1154,38.6,Male,Desk Job,7.5,1.89,423.2
1155,64.6,Male,Desk Job,7.5,1.70,997.1
1156,61.2,Male,Desk Job,7.5,1.76,233.4
1157,24.2,Female,Desk Job,7.5,1.65,50.0
1158,59.9,Male,Desk Job,7.5,1.67,228.5
1159,59.7,Male,Desk Job,7.5,1.88,50.0
1160,19.3,Male,Desk Job,7.5,1.82,1500.0
1161,26.2,Female,Desk Job,7.5,1.68,937.6
1162,54.7,Male,Desk Job,7.5,1.80,50.0
1163,31.4,Female,Desk Job,7.5,1.70,98.6
1164,33.8,Male,Desk Job,7.5,1.72,1489.8
1165,62.2,Female,Desk Job,7.5,1.67,878.7
1166,26.0,Female,Desk Job,7.5,1.65,1275.2
1167,40.1,Male,Desk Job,7.5,1.69,570.1
1168,29.6,Female,Desk Job,7.5,1.80,1139.7
1169,54.1,Male,Desk Job,7.5,1.85,675.5
1170,32.0,Female,Desk Job,7.5,1.57,282.9
1171,44.6,Male,Desk Job,7.5,1.67,84.2
1172,42.2,Male,Desk Job,7.5,1.78,122.2
1173,52.3,Female,Desk Job,7.5,1.58,962.7
1174,21.2,Male,Desk Job,7.5,1.67,1228.5
1175,29.8,Male,Desk Job,7.5,1.65,250.7
1176,53.4,Male,Desk Job,7.5,1.70,1026.3
1177,18.7,Male,Desk Job,7.5,1.85,435.1
1178,23.7,Female,Desk Job,7.5,1.69,244.2
1179,58.6,Female,Desk Job,7.5,1.66,858.5
1180,41.4,Male,Desk Job,7.5,1.65,415.8
1181,53.7,Female,Desk Job,7.5,1.78,50.0
1182,38.3,Male,Desk Job,7.5,1.82,557.4
1183,29.3,Female,Desk Job,7.5,1.74,1165.2
1184,54.1,Female,Desk Job,7.5,1.69,1015.8
1185,43.4,Female,Desk Job,7.5,1.60,860.0
1186,36.7,Female,Desk Job,7.5,1.75,448.4
1187,32.8,Male,Desk Job,7.5,1.86,270.0
1188,62.1,Female,Desk Job,7.5,1.65,736.3
1189,49.7,Female,Desk Job,7.5,1.63,523.9
1190,60.6,Male,Desk Job,7.5,1.77,384.7
1191,22.2,Male,Desk Job,7.5,1.69,192.8
1192,21.9,Female,Desk Job,7.5,1.72,1143.4
1193,44.7,Female,Desk Job,7.5,1.79,388.0
1194,52.8,Male,Desk Job,7.5,1.72,938.5
1195,64.9,Male,Desk Job,7.5,1.72,412.0
1196,20.7,Female,Desk Job,7.5,1.67,1193.1
1197,50.9,Female,Desk Job,7.5,1.72,1131.5
1198,29.0,Male,Desk Job,7.5,1.81,1500.0
1199,59.5,Female,Desk Job,7.5,1.68,367.0
1200,43.9,Female,Desk Job,7.5,1.79,1290.8
1201,55.4,Female,Desk Job,7.5,1.74,758.9
1202,47.0,Female,Desk Job,7.5,1.75,192.6
1203,48.3,Male,Desk Job,7.5,1.90,1427.1
1204,63.1,Female,Desk Job,7.5,1.77,159.3
1205,59.6,Male,Desk Job,7.5,1.71,90.4
1206,57.1,Male,Desk Job,7.5,1.73,50.0
1207,34.5,Male,Desk Job,7.5,1.69,1500.0
1208,57.9,Male,Desk Job,7.5,1.75,479.3
1209,34.7,Female,Desk Job,7.5,1.71,141.0
1210,52.3,Female,Desk Job,7.5,1.73,573.0
1211,34.6,Female,Desk Job,7.5,1.78,1139.2
1212,48.8,Male,Desk Job,7.5,1.80,1114.1
1213,37.1,Female,Desk Job,7.5,1.68,1107.2
1214,42.2,Female,Desk Job,7.5,1.56,380.9
1215,24.6,Female,Desk Job,7.5,1.71,565.3
1216,63.4,Male,Desk Job,7.5,1.68,178.6
1217,59.0,Male,Desk Job,7.5,1.78,1086.1
1218,50.6,Female,Desk Job,7.5,1.75,50.0
1219,63.1,Male,Desk Job,7.5,1.91,1040.6
1220,42.5,Female,Desk Job,7.5,1.79,134.7
1221,22.9,Female,Desk Job,7.5,1.72,50.0
1222,43.4,Female,Desk Job,7.5,1.76,519.2
1223,25.1,Female,Desk Job,7.5,1.79,1498.7
1224,33.4,Female,Desk Job,7.5,1.63,217.2
1225,35.4,Male,Desk Job,7.5,1.69,1154.4
1226,38.1,Male,Desk Job,7.5,1.81,614.2
1227,39.2,Male,Desk Job,7.5,1.88,1247.3
1228,30.3,Female,Desk Job,7.5,1.75,715.0
1229,26.4,Female,Desk Job,7.5,1.63,670.8
1230,63.0,Female,Desk Job,7.5,1.55,134.1
1231,40.8,Male,Desk Job,7.5,1.71,1468.5
1232,36.7,Male,Desk Job,7.5,1.78,542.3
1233,64.3,Female,Desk Job,7.5,1.61,1013.0
1234,19.0,Male,Desk Job,7.5,1.65,1185.9
1235,22.8,Female,Desk Job,7.5,1.58,941.5
1236,28.8,Male,Desk Job,7.5,1.94,497.9
1237,32.5,Male,Desk Job,7.5,1.79,1400.5
1238,38.2,Female,Desk Job,7.5,1.76,180.3
1239,30.2,Female,Desk Job,7.5,1.75,529.0
1240,23.0,Female,Desk Job,7.5,1.79,1483.0
1241,54.4,Female,Desk Job,7.5,1.74,124.5
1242,49.0,Male,Desk Job,7.5,1.89,1068.7
1243,45.4,Male,Desk Job,7.5,1.92,77.7
1244,30.4,Female,Desk Job,7.5,1.71,50.0
1245,48.1,Male,Desk Job,7.5,1.71,1500.0
1246,38.8,Female,Desk Job,7.5,1.61,1176.6
1247,56.0,Male,Desk Job,7.5,1.86,439.8
1248,42.7,Male,Desk Job,7.5,1.81,1308.4
1249,18.5,Female,Desk Job,7.5,1.76,386.4
1250,21.3,Male,Desk Job,7.5,1.90,634.8
1251,49.4,Female,Desk Job,7.5,1.64,507.1
1252,32.2,Male,Desk Job,7.5,1.83,558.6
1253,20.0,Male,Desk Job,7.5,1.91,1500.0
1254,36.6,Female,Desk Job,7.5,1.66,684.2
1255,24.7,Male,Desk Job,7.5,1.82,196.1
1256,42.8,Female,Desk Job,7.5,1.65,608.7
1257,47.5,Male,Desk Job,7.5,1.75,197.1
1258,28.4,Male,Desk Job,7.5,1.73,1068.0
1259,32.0,Male,Desk Job,7.5,1.81,1500.0
1260,63.0,Male,Desk Job,7.5,1.71,1283.4
1261,22.2,Female,Desk Job,7.5,1.67,1332.8
1262,45.3,Female,Desk Job,7.5,1.64,253.0
1263,48.5,Female,Desk Job,7.5,1.61,648.5
1264,53.5,Female,Desk Job,7.5,1.77,890.3
1265,21.3,Female,Desk Job,7.5,1.70,427.6
1266,47.2,Female,Desk Job,7.5,1.78,1375.7
1267,63.9,Male,Desk Job,7.5,1.68,858.4
1268,22.0,Male,Desk Job,7.5,1.80,1500.0
1269,20.3,Male,Desk Job,7.5,1.77,652.0
1270,62.7,Female,Desk Job,7.5,1.73,891.6
1271,43.3,Female,Desk Job,7.5,1.72,1186.5
1272,26.9,Male,Desk Job,7.5,1.90,1500.0
1273,64.9,Female,Desk Job,7.5,1.62,83.6
1274,63.5,Female,Desk Job,7.5,1.76,1024.1
1275,41.5,Male,Desk Job,7.5,1.84,673.6
1276,24.4,Male,Desk Job,7.5,1.78,807.6
1277,23.4,Female,Desk Job,7.5,1.72,752.4
1278,39.2,Female,Desk Job,7.5,1.61,408.8
1279,44.2,Male,Desk Job,7.5,1.66,606.3
1280,27.9,Female,Desk Job,7.5,1.61,508.8
1281,18.6,Female,Desk Job,7.5,1.67,1408.3
1282,64.0,Male,Desk Job,7.5,1.80,803.6
1283,51.3,Male,Desk Job,7.5,1.85,235.8
1284,50.5,Female,Desk Job,7.5,1.73,834.1
1285,57.0,Female,Desk Job,7.5,1.70,656.5
1286,29.7,Male,Desk Job,7.5,1.74,103.7
1287,60.2,Male,Desk Job,7.5,1.66,363.5
1288,37.6,Female,Desk Job,7.5,1.79,130.9
1289,42.9,Male,Desk Job,7.5,1.68,1500.0
1290,60.8,Male,Desk Job,7.5,1.68,1159.4
1291,29.9,Female,Desk Job,7.5,1.78,315.5
1292,53.0,Male,Desk Job,7.5,1.66,1128.2
1293,42.4,Male,Desk Job,7.5,1.69,437.5
1294,47.7,Male,Desk Job,7.5,1.70,1500.0
1295,36.4,Female,Desk Job,7.5,1.72,1178.3
1296,27.0,Male,Desk Job,7.5,1.87,1325.2
1297,48.3,Female,Desk Job,7.5,1.73,883.8
1298,39.3,Male,Desk Job,7.5,1.66,929.5
1299,28.7,Male,Desk Job,7.5,1.94,202.7
1300,29.6,Female,Desk Job,7.5,1.77,862.0
1301,18.3,Male,Desk Job,7.5,1.93,1067.4
1302,36.1,Male,Desk Job,7.5,1.93,1128.6
1303,43.5,Female,Desk Job,7.5,1.62,806.3
1304,18.6,Male,Desk Job,7.5,1.80,545.8
1305,26.1,Female,Desk Job,7.5,1.63,140.0
1306,42.1,Female,Desk Job,7.5,1.56,824.8
1307,56.5,Female,Desk Job,7.5,1.73,1009.1
1308,52.6,Female,Desk Job,7.5,1.74,1350.1
1309,31.5,Female,Desk Job,7.5,1.68,486.9
1310,20.2,Male,Desk Job,7.5,1.83,1456.5
1311,64.7,Male,Desk Job,7.5,1.74,86.5
1312,48.3,Female,Desk Job,7.5,1.61,324.0
1313,58.2,Female,Desk Job,7.5,1.57,833.9
1314,33.7,Male,Desk Job,7.5,1.93,775.7
1315,28.5,Male,Desk Job,7.5,1.92,1455.3
1316,52.4,Female,Desk Job,7.5,1.60,892.9
1317,64.7,Female,Desk Job,7.5,1.77,685.2
1318,22.0,Female,Desk Job,7.5,1.69,501.6
1319,45.1,Female,Desk Job,7.5,1.68,341.6
1320,52.5,Male,Desk Job,7.5,1.80,246.7
1321,52.6,Female,Desk Job,7.5,1.78,903.4
1322,40.7,Male,Desk Job,7.5,1.68,213.5
1323,55.4,Female,Desk Job,7.5,1.65,354.6
1324,52.9,Male,Desk Job,7.5,1.84,1070.0
1325,59.7,Male,Desk Job,7.5,1.85,404.9
1326,52.3,Female,Desk Job,7.5,1.76,681.1
1327,59.0,Female,Desk Job,7.5,1.74,332.4
1328,35.1,Female,Desk Job,7.5,1.70,666.3
1329,59.4,Female,Desk Job,7.5,1.64,832.2
1330,40.5,Male,Desk Job,7.5,1.86,676.8
1331,27.5,Female,Desk Job,7.5,1.62,521.9
1332,59.6,Female,Desk Job,7.5,1.78,1141.6
1333,52.6,Female,Desk Job,7.5,1.75,717.5
1334,51.5,Male,Desk Job,7.5,1.88,885.3
1335,52.9,Male,Desk Job,7.5,1.66,164.2
1336,45.1,Male,Desk Job,7.5,1.86,1218.6
1337,59.7,Female,Desk Job,7.5,1.60,50.0
1338,35.9,Male,Desk Job,7.5,1.74,583.4
1339,64.0,Male,Desk Job,7.5,1.94,1217.0
1340,46.0,Male,Desk Job,7.5,1.82,1364.3
1341,61.2,Female,Desk Job,7.5,1.59,997.6
1342,23.8,Female,Desk Job,7.5,1.73,1279.1
1343,33.2,Female,Desk Job,7.5,1.64,845.9
1344,42.6,Male,Desk Job,7.5,1.77,259.9
1345,50.0,Female,Desk Job,7.5,1.56,603.4
1346,57.5,Male,Desk Job,7.5,1.78,434.2
1347,35.1,Female,Desk Job,7.5,1.66,63.9
1348,63.5,Female,Desk Job,7.5,1.80,390.8
1349,18.1,Female,Desk Job,7.5,1.77,518.6
1350,40.3,Male,Desk Job,7.5,1.92,472.3
1351,22.3,Female,Desk Job,7.5,1.70,1490.5
1352,57.9,Female,Desk Job,7.5,1.62,691.1
1353,40.4,Male,Desk Job,7.5,1.78,212.6
1354,50.5,Female,Desk Job,7.5,1.59,1168.5
1355,40.2,Male,Desk Job,7.5,1.85,1171.2
1356,30.9,Male,Desk Job,7.5,1.68,1500.0
1357,38.4,Female,Desk Job,7.5,1.56,406.3
1358,61.9,Female,Desk Job,7.5,1.56,888.2
1359,51.3,Female,Desk Job,7.5,1.71,105.8
1360,36.1,Male,Desk Job,7.5,1.75,1500.0
1361,42.6,Female,Desk Job,7.5,1.63,85.4
1362,45.7,Female,Desk Job,7.5,1.77,1365.1
1363,44.8,Female,Desk Job,7.5,1.62,384.0
1364,21.0,Male,Desk Job,7.5,1.75,589.7
1365,57.3,Male,Desk Job,7.5,1.89,494.0
1366,45.9,Male,Desk Job,7.5,1.65,808.8
1367,31.1,Female,Desk Job,7.5,1.64,94.1
1368,29.8,Female,Desk Job,7.5,1.61,1100.2
1369,24.8,Male,Desk Job,7.5,1.84,1500.0
1370,28.6,Male,Desk Job,7.5,1.88,63.5
1371,34.2,Male,Desk Job,7.5,1.73,1262.4
1372,26.0,Male,Desk Job,7.5,1.78,986.9
1373,28.8,Female,Desk Job,7.5,1.72,460.6
1374,27.4,Male,Desk Job,7.5,1.68,903.1
1375,46.9,Female,Desk Job,7.5,1.58,957.8
1376,47.4,Female,Desk Job,7.5,1.70,1154.5
1377,61.9,Male,Desk Job,7.5,1.76,329.6
1378,40.5,Female,Desk Job,7.5,1.56,1018.7
1379,34.4,Female,Desk Job,7.5,1.59,153.4
1380,41.0,Male,Desk Job,7.5,1.68,71.7
1381,58.6,Female,Desk Job,7.5,1.73,50.0
1382,26.4,Male,Desk Job,7.5,1.77,1500.0
1383,47.1,Female,Desk Job,7.5,1.67,483.9
1384,25.5,Male,Desk Job,7.5,1.81,840.9
1385,42.4,Female,Desk Job,7.5,1.69,762.1
1386,41.0,Male,Desk Job,7.5,1.85,1303.2
1387,48.8,Male,Desk Job,7.5,1.78,1446.5
1388,53.7,Male,Desk Job,7.5,1.76,1464.3
1389,53.8,Female,Desk Job,7.5,1.73,195.4
1390,55.0,Male,Desk Job,7.5,1.79,1212.1
1391,41.9,Male,Desk Job,7.5,1.69,1170.4
1392,55.3,Male,Desk Job,7.5,1.89,444.5
1393,33.7,Female,Desk Job,7.5,1.65,260.3
1394,32.2,Female,Desk Job,7.5,1.69,184.0
1395,46.1,Male,Desk Job,7.5,1.74,1312.3
1396,63.9,Female,Desk Job,7.5,1.73,848.8
1397,48.1,Male,Desk Job,7.5,1.84,161.7
1398,37.3,Male,Desk Job,7.5,1.69,1215.4
1399,47.5,Female,Desk Job,7.5,1.64,998.2
1400,32.3,Female,Desk Job,7.5,1.69,94.2
1401,24.2,Female,Desk Job,7.5,1.70,169.6
1402,58.4,Male,Desk Job,7.5,1.66,172.8
1403,26.2,Male,Desk Job,7.5,1.92,598.5
1404,42.1,Male,Desk Job,7.5,1.80,739.3
1405,21.1,Male,Desk Job,7.5,1.94,1306.7
1406,25.3,Female,Desk Job,7.5,1.71,292.3
1407,26.4,Male,Desk Job,7.5,1.73,1483.5
1408,43.7,Female,Desk Job,7.5,1.65,558.0
1409,19.4,Male,Desk Job,7.5,1.73,1365.7
1410,19.4,Female,Desk Job,7.5,1.74,1174.5
1411,57.1,Female,Desk Job,7.5,1.59,160.2
1412,57.2,Female,Desk Job,7.5,1.69,687.5
1413,32.9,Female,Desk Job,7.5,1.65,126.0
1414,23.1,Female,Desk Job,7.5,1.72,801.0
1415,35.4,Female,Desk Job,7.5,1.78,224.5
1416,46.6,Male,Desk Job,7.5,1.82,1184.0
1417,56.3,Male,Desk Job,7.5,1.92,1142.2
1418,35.2,Female,Desk Job,7.5,1.68,673.7
1419,41.2,Female,Desk Job,7.5,1.70,452.2
1420,62.0,Male,Desk Job,7.5,1.85,1362.1
1421,43.4,Male,Desk Job,7.5,1.72,60.7
1422,34.7,Male,Desk Job,7.5,1.76,1294.1
1423,40.8,Male,Desk Job,7.5,1.75,50.4
1424,33.8,Female,Desk Job,7.5,1.61,1131.1
1425,43.0,Female,Desk Job,7.5,1.57,811.2
1426,48.2,Female,Desk Job,7.5,1.74,767.9
1427,38.3,Female,Desk Job,7.5,1.56,97.7
1428,26.2,Male,Desk Job,7.5,1.78,1342.4
1429,32.9,Female,Desk Job,7.5,1.63,984.0
1430,23.6,Male,Desk Job,7.5,1.76,1436.7
1431,40.6,Male,Desk Job,7.5,1.69,1338.4
1432,24.9,Female,Desk Job,7.5,1.67,471.7
1433,54.8,Male,Desk Job,7.5,1.74,563.5
1434,61.4,Male,Desk Job,7.5,1.80,229.1
1435,53.9,Female,Desk Job,7.5,1.57,788.8
1436,31.2,Female,Desk Job,7.5,1.79,86.6
1437,30.0,Female,Desk Job,7.5,1.61,1131.2
1438,63.2,Male,Desk Job,7.5,1.90,124.9
1439,28.2,Female,Desk Job,7.5,1.62,1057.3
1440,61.0,Female,Desk Job,7.5,1.75,1051.2
1441,25.5,Female,Desk Job,7.5,1.64,1009.7
1442,20.1,Male,Desk Job,7.5,1.78,1500.0
1443,20.2,Female,Desk Job,7.5,1.77,1110.6
1444,18.0,Male,Desk Job,7.5,1.72,1392.1
1445,33.1,Male,Desk Job,7.5,1.81,1026.5
1446,41.3,Male,Desk Job,7.5,1.75,885.3
1447,39.2,Male,Desk Job,7.5,1.77,1484.3
1448,25.7,Female,Desk Job,7.5,1.72,478.1
1449,43.2,Female,Desk Job,7.5,1.70,1346.8
1450,59.9,Female,Desk Job,7.5,1.74,223.8
1451,63.2,Male,Desk Job,7.5,1.68,521.6
1452,58.6,Male,Desk Job,7.5,1.94,644.9
1453,43.0,Female,Desk Job,7.5,1.62,999.5
1454,31.5,Female,Desk Job,7.5,1.69,433.2
1455,34.4,Male,Desk Job,7.5,1.73,173.1
1456,33.2,Male,Desk Job,7.5,1.74,1420.5
1457,51.4,Male,Desk Job,7.5,1.83,971.7
1458,51.1,Female,Desk Job,7.5,1.63,392.8
1459,37.4,Male,Desk Job,7.5,1.76,1292.1
1460,19.3,Female,Desk Job,7.5,1.60,336.9
1461,60.4,Female,Desk Job,7.5,1.56,122.9
1462,20.3,Female,Desk Job,7.5,1.66,1471.1
1463,19.5,Female,Desk Job,7.5,1.55,151.4
1464,18.6,Female,Desk Job,7.5,1.56,616.1
1465,37.2,Female,Desk Job,7.5,1.72,209.3
1466,56.1,Female,Desk Job,7.5,1.80,1111.3
1467,26.2,Female,Desk Job,7.5,1.79,248.1
1468,45.3,Female,Desk Job,7.5,1.60,1030.2
1469,41.5,Female,Desk Job,7.5,1.67,961.5
1470,60.0,Male,Desk Job,7.5,1.81,1479.2
1471,53.1,Female,Desk Job,7.5,1.76,813.5
1472,28.8,Male,Desk Job,7.5,1.83,1486.7
1473,33.0,Female,Desk Job,7.5,1.76,50.0
1474,43.7,Male,Desk Job,7.5,1.92,1292.6
1475,55.9,Female,Desk Job,7.5,1.77,479.3
1476,18.5,Male,Desk Job,7.5,1.86,339.4
1477,58.6,Female,Desk Job,7.5,1.76,735.1
1478,36.3,Female,Desk Job,7.5,1.55,999.6
1479,43.7,Male,Desk Job,7.5,1.71,341.2
1480,44.9,Female,Desk Job,7.5,1.57,1003.2
1481,39.3,Male,Desk Job,7.5,1.74,1015.7
1482,20.0,Female,Desk Job,7.5,1.78,981.0
1483,56.0,Male,Desk Job,7.5,1.80,182.3
1484,63.5,Female,Desk Job,7.5,1.60,474.9
1485,48.8,Male,Desk Job,7.5,1.68,545.9
1486,41.5,Female,Desk Job,7.5,1.56,315.3
1487,55.9,Female,Desk Job,7.5,1.66,835.1
1488,35.1,Female,Desk Job,7.5,1.79,170.9
1489,39.7,Female,Desk Job,7.5,1.67,298.3
1490,18.8,Female,Desk Job,7.5,1.70,125.8
1491,58.0,Female,Desk Job,7.5,1.56,51.9
1492,43.7,Female,Desk Job,7.5,1.61,453.4
1493,28.0,Male,Desk Job,7.5,1.66,483.3
1494,21.3,Male,Desk Job,7.5,1.75,1500.0
1495,19.8,Male,Desk Job,7.5,1.94,291.4
1496,54.4,Female,Desk Job,7.5,1.60,990.1
1497,27.3,Male,Desk Job,7.5,1.74,1155.4
1498,35.0,Male,Desk Job,7.5,1.66,1006.5
1499,45.0,Male,Desk Job,7.5,1.72,152.1
1500,60.4,Female,Desk Job,7.5,1.61,716.4
1501,62.2,Male,Desk Job,7.5,1.67,157.4
1502,31.5,Female,Desk Job,7.5,1.80,58.4
1503,44.2,Female,Desk Job,7.5,1.58,195.6
1504,49.2,Female,Desk Job,7.5,1.80,171.1
1505,24.1,Male,Desk Job,7.5,1.76,1426.8
1506,62.5,Male,Desk Job,7.5,1.71,50.0
1507,29.9,Female,Desk Job,7.5,1.80,401.1
1508,35.3,Female,Desk Job,7.5,1.57,386.7
1509,22.0,Male,Desk Job,7.5,1.73,259.9
1510,31.9,Male,Desk Job,7.5,1.79,558.4
1511,61.7,Female,Desk Job,7.5,1.59,189.3
1512,31.6,Male,Desk Job,7.5,1.70,494.7
1513,58.3,Male,Desk Job,7.5,1.84,200.7
1514,47.1,Male,Desk Job,7.5,1.76,164.7
1515,21.3,Male,Desk Job,7.5,1.85,1053.6
1516,38.6,Male,Desk Job,7.5,1.89,1500.0
1517,64.4,Male,Desk Job,7.5,1.79,865.0
1518,30.3,Female,Desk Job,7.5,1.74,1117.0
1519,63.4,Male,Desk Job,7.5,1.89,440.7
1520,42.7,Female,Desk Job,7.5,1.59,94.0
1521,45.5,Female,Desk Job,7.5,1.72,442.2
1522,37.3,Female,Desk Job,7.5,1.68,436.7
1523,24.6,Male,Desk Job,7.5,1.84,1467.9
1524,47.8,Male,Desk Job,7.5,1.71,967.2
1525,34.4,Female,Desk Job,7.5,1.72,380.4
1526,55.3,Female,Desk Job,7.5,1.62,80.1
1527,47.7,Female,Desk Job,7.5,1.55,98.7
1528,46.0,Female,Desk Job,7.5,1.71,583.1
1529,23.1,Male,Desk Job,7.5,1.76,1129.1
1530,28.2,Male,Desk Job,7.5,1.91,104.7
1531,25.8,Female,Desk Job,7.5,1.68,1290.7
1532,41.7,Male,Desk Job,7.5,1.84,885.7
1533,42.3,Male,Desk Job,7.5,1.83,1500.0
1534,53.8,Male,Desk Job,7.5,1.85,179.0
1535,29.3,Female,Desk Job,7.5,1.58,186.4
1536,58.0,Male,Desk Job,7.5,1.85,854.5
1537,35.6,Male,Desk Job,7.5,1.73,1500.0
1538,33.1,Male,Desk Job,7.5,1.89,1098.8
1539,29.4,Male,Desk Job,7.5,1.73,1480.0
1540,56.1,Male,Desk Job,7.5,1.81,1500.0
1541,43.4,Female,Desk Job,7.5,1.56,386.9
1542,47.5,Female,Desk Job,7.5,1.64,165.4
1543,30.4,Female,Desk Job,7.5,1.58,403.3
1544,46.1,Female,Desk Job,7.5,1.71,376.4
1545,41.6,Female,Desk Job,7.5,1.72,1041.3
1546,24.2,Male,Desk Job,7.5,1.93,1267.5
1547,21.0,Female,Desk Job,7.5,1.75,593.7
1548,34.3,Female,Desk Job,7.5,1.69,646.0
1549,31.5,Male,Desk Job,7.5,1.70,607.6
1550,60.2,Male,Desk Job,7.5,1.90,1107.8
1551,40.1,Female,Desk Job,7.5,1.72,832.2
1552,24.7,Male,Desk Job,7.5,1.74,604.8
1553,31.8,Female,Desk Job,7.5,1.74,1142.9
1554,41.9,Male,Desk Job,7.5,1.71,908.5
1555,62.2,Female,Desk Job,7.5,1.56,814.7
1556,53.4,Female,Desk Job,7.5,1.55,906.8
1557,22.6,Male,Desk Job,7.5,1.92,236.1
1558,61.9,Male,Desk Job,7.5,1.65,79.2
1559,32.4,Female,Desk Job,7.5,1.65,626.5
1560,46.7,Female,Desk Job,7.5,1.66,1159.8
1561,32.2,Female,Desk Job,7.5,1.74,270.4
1562,53.4,Male,Desk Job,7.5,1.94,987.6
1563,21.1,Female,Desk Job,7.5,1.79,1198.9
1564,41.3,Female,Desk Job,7.5,1.73,145.7
1565,28.7,Female,Desk Job,7.5,1.59,740.0
1566,24.4,Female,Desk Job,7.5,1.74,118.0
1567,60.3,Male,Desk Job,7.5,1.67,468.0
1568,30.0,Male,Desk Job,7.5,1.77,633.7
1569,20.8,Female,Desk Job,7.5,1.59,1410.1
1570,38.1,Male,Desk Job,7.5,1.65,1270.8
1571,47.9,Female,Desk Job,7.5,1.71,854.2
1572,32.9,Male,Desk Job,7.5,1.87,970.3
1573,48.1,Female,Desk Job,7.5,1.69,143.5
1574,25.3,Male,Desk Job,7.5,1.87,1500.0
1575,37.0,Female,Desk Job,7.5,1.76,852.8
1576,61.2,Male,Desk Job,7.5,1.85,1500.0
1577,29.0,Female,Desk Job,7.5,1.80,1354.5
1578,18.3,Female,Desk Job,7.5,1.70,1401.8
1579,59.8,Female,Desk Job,7.5,1.78,862.1
1580,20.6,Male,Desk Job,7.5,1.90,313.6
1581,25.6,Male,Desk Job,7.5,1.93,1500.0
1582,28.5,Male,Desk Job,7.5,1.73,277.8
1583,30.9,Female,Desk Job,7.5,1.65,821.2
1584,23.0,Male,Desk Job,7.5,1.79,917.8
1585,26.0,Male,Desk Job,7.5,1.80,570.9
1586,23.4,Male,Desk Job,7.5,1.82,613.6
1587,55.0,Female,Desk Job,7.5,1.63,172.1
1588,49.1,Female,Desk Job,7.5,1.76,187.9
1589,63.2,Female,Desk Job,7.5,1.73,406.2
1590,31.8,Male,Desk Job,7.5,1.81,246.2
1591,29.9,Female,Desk Job,7.5,1.69,1012.3
1592,46.9,Female,Desk Job,7.5,1.78,590.3
1593,53.9,Male,Desk Job,7.5,1.79,1412.8
1594,45.9,Male,Desk Job,7.5,1.93,1035.1
1595,60.3,Female,Desk Job,7.5,1.74,368.0
1596,26.1,Female,Desk Job,7.5,1.79,1500.0
1597,48.5,Male,Desk Job,7.5,1.81,1500.0
1598,50.6,Female,Desk Job,7.5,1.73,113.4
1599,38.2,Male,Desk Job,7.5,1.71,906.5
1600,58.5,Female,Desk Job,7.5,1.56,917.2
1601,59.0,Male,Desk Job,7.5,1.74,1070.7
1602,29.9,Female,Desk Job,7.5,1.59,915.8
1603,40.4,Female,Desk Job,7.5,1.65,681.7
1604,55.5,Male,Desk Job,7.5,1.69,184.6
1605,23.4,Female,Desk Job,7.5,1.56,513.2
1606,63.5,Male,Desk Job,7.5,1.66,170.7
1607,37.3,Female,Desk Job,7.5,1.61,146.2
1608,19.1,Male,Desk Job,7.5,1.93,572.5
1609,58.2,Male,Desk Job,7.5,1.95,510.0
1610,20.5,Female,Desk Job,7.5,1.80,198.6
1611,32.6,Male,Desk Job,7.5,1.80,1097.1
1612,47.0,Male,Desk Job,7.5,1.73,1039.0
1613,56.9,Female,Desk Job,7.5,1.63,384.2
1614,49.4,Female,Desk Job,7.5,1.73,270.0
1615,60.5,Female,Desk Job,7.5,1.73,130.5
1616,60.8,Male,Desk Job,7.5,1.95,105.1
1617,49.4,Male,Desk Job,7.5,1.68,542.3
1618,24.9,Female,Desk Job,7.5,1.71,1053.6
1619,18.3,Female,Desk Job,7.5,1.75,743.2
1620,45.7,Female,Desk Job,7.5,1.78,915.6
1621,26.4,Female,Desk Job,7.5,1.69,934.6
1622,51.0,Male,Desk Job,7.5,1.75,520.8
1623,50.2,Male,Desk Job,7.5,1.78,285.1
1624,27.5,Male,Desk Job,7.5,1.88,1107.1
1625,54.1,Female,Desk Job,7.5,1.60,1076.6
1626,64.2,Female,Desk Job,7.5,1.69,311.0
1627,32.0,Female,Desk Job,7.5,1.76,497.4
1628,60.6,Male,Desk Job,7.5,1.83,333.3
1629,20.4,Female,Desk Job,7.5,1.70,758.1
1630,35.6,Male,Desk Job,7.5,1.93,133.4
1631,64.5,Male,Desk Job,7.5,1.81,492.3
1632,60.0,Female,Desk Job,7.5,1.58,86.4
1633,59.4,Male,Desk Job,7.5,1.69,850.0
1634,41.8,Female,Desk Job,7.5,1.60,103.1
1635,24.5,Male,Desk Job,7.5,1.67,596.7
1636,22.0,Male,Desk Job,7.5,1.67,893.9
1637,52.2,Female,Desk Job,7.5,1.59,1114.6
1638,33.9,Female,Desk Job,7.5,1.78,956.1
1639,25.1,Male,Desk Job,7.5,1.77,244.4
1640,36.9,Female,Desk Job,7.5,1.56,467.5
1641,57.0,Male,Desk Job,7.5,1.81,264.8
1642,20.6,Male,Desk Job,7.5,1.89,1277.8
1643,46.1,Female,Desk Job,7.5,1.70,1323.1
1644,32.8,Male,Desk Job,7.5,1.81,195.1
1645,25.2,Male,Desk Job,7.5,1.82,193.6
1646,26.0,Male,Desk Job,7.5,1.93,1144.6
1647,45.1,Male,Desk Job,7.5,1.83,1195.0
1648,32.3,Male,Desk Job,7.5,1.81,89.4
1649,48.5,Female,Desk Job,7.5,1.67,216.3
1650,64.4,Female,Desk Job,7.5,1.75,250.0
1651,53.7,Female,Desk Job,7.5,1.71,975.5
1652,58.7,Female,Desk Job,7.5,1.70,1132.7
1653,34.2,Male,Desk Job,7.5,1.84,1430.5
1654,63.4,Male,Desk Job,7.5,1.73,196.0
1655,33.5,Female,Desk Job,7.5,1.61,50.0
1656,18.5,Male,Desk Job,7.5,1.71,304.5
1657,33.7,Female,Desk Job,7.5,1.71,411.6
1658,24.5,Female,Desk Job,7.5,1.77,50.0
1659,29.2,Male,Desk Job,7.5,1.65,1500.0
1660,31.3,Female,Desk Job,7.5,1.77,171.0
1661,26.2,Female,Desk Job,7.5,1.56,1240.1
1662,20.3,Male,Desk Job,7.5,1.79,50.0
1663,32.9,Male,Desk Job,7.5,1.66,848.1
1664,18.2,Female,Desk Job,7.5,1.75,514.3
1665,29.1,Male,Desk Job,7.5,1.87,1431.2
1666,45.4,Female,Desk Job,7.5,1.56,880.8
1667,48.8,Female,Desk Job,7.5,1.59,801.7
1668,53.5,Female,Desk Job,7.5,1.74,718.5
1669,42.7,Female,Desk Job,7.5,1.61,98.2
1670,61.4,Male,Desk Job,7.5,1.81,1500.0
1671,32.3,Male,Desk Job,7.5,1.81,1003.8
1672,43.9,Male,Desk Job,7.5,1.87,566.8
1673,21.4,Male,Desk Job,7.5,1.89,1500.0
1674,35.5,Male,Desk Job,7.5,1.85,1500.0
1675,24.2,Male,Desk Job,7.5,1.86,1405.2
1676,42.6,Female,Desk Job,7.5,1.75,69.7
1677,39.4,Male,Desk Job,7.5,1.87,1044.6
1678,24.6,Female,Desk Job,7.5,1.69,1119.1
1679,23.0,Female,Desk Job,7.5,1.70,1334.0
1680,51.3,Female,Desk Job,7.5,1.62,229.6
1681,55.3,Male,Desk Job,7.5,1.77,784.9
1682,43.8,Male,Desk Job,7.5,1.69,870.6
1683,46.3,Male,Desk Job,7.5,1.79,1162.6
1684,30.8,Male,Desk Job,7.5,1.77,750.8
1685,25.0,Female,Desk Job,7.5,1.58,222.2
1686,33.7,Male,Desk Job,7.5,1.87,1253.7
1687,33.6,Female,Desk Job,7.5,1.66,1085.0
1688,43.5,Female,Desk Job,7.5,1.68,994.1
1689,58.6,Female,Desk Job,7.5,1.67,349.8
1690,64.3,Male,Desk Job,7.5,1.82,772.3
1691,42.6,Female,Desk Job,7.5,1.67,603.1
1692,41.9,Female,Desk Job,7.5,1.62,102.6
1693,64.7,Male,Desk Job,7.5,1.78,938.5
1694,35.4,Male,Desk Job,7.5,1.79,611.5
1695,40.7,Female,Desk Job,7.5,1.78,162.2
1696,52.7,Female,Desk Job,7.5,1.72,1243.0
1697,36.5,Female,Desk Job,7.5,1.72,236.1
1698,58.5,Female,Desk Job,7.5,1.74,996.3
1699,61.1,Male,Desk Job,7.5,1.87,1368.6
1700,40.1,Female,Desk Job,7.5,1.73,1089.2
1701,34.6,Male,Desk Job,7.5,1.82,434.5
1702,45.0,Male,Desk Job,7.5,1.79,1025.4
1703,65.0,Male,Desk Job,7.5,1.75,457.3
1704,22.7,Male,Desk Job,7.5,1.87,319.5
1705,20.4,Female,Desk Job,7.5,1.60,481.6
1706,48.1,Female,Desk Job,7.5,1.57,136.6
1707,51.4,Male,Desk Job,7.5,1.79,457.6
1708,52.9,Male,Desk Job,7.5,1.81,1388.0
1709,24.8,Male,Desk Job,7.5,1.71,1192.3
1710,32.6,Female,Desk Job,7.5,1.78,1418.5
1711,38.6,Male,Desk Job,7.5,1.92,523.0
1712,47.5,Male,Desk Job,7.5,1.85,423.1
1713,35.3,Male,Desk Job,7.5,1.71,1336.0
1714,38.9,Male,Desk Job,7.5,1.93,165.6
1715,18.3,Male,Desk Job,7.5,1.75,445.8
1716,50.7,Male,Desk Job,7.5,1.81,648.8
1717,20.4,Female,Desk Job,7.5,1.64,50.0
1718,56.9,Male,Desk Job,7.5,1.93,1001.4
1719,35.8,Female,Desk Job,7.5,1.57,70.2
1720,30.7,Female,Desk Job,7.5,1.77,126.1
1721,33.9,Female,Desk Job,7.5,1.56,312.3
1722,40.6,Female,Desk Job,7.5,1.68,111.9
1723,55.0,Female,Desk Job,7.5,1.77,797.6
1724,33.6,Female,Desk Job,7.5,1.61,443.1
1725,41.7,Female,Desk Job,7.5,1.65,140.9
1726,52.8,Female,Desk Job,7.5,1.68,990.4
1727,26.9,Male,Desk Job,7.5,1.80,258.7
1728,28.0,Male,Desk Job,7.5,1.80,1242.8
1729,38.8,Male,Desk Job,7.5,1.81,264.8
1730,22.4,Female,Desk Job,7.5,1.58,384.8
1731,29.4,Female,Desk Job,7.5,1.77,1218.7
1732,23.5,Male,Desk Job,7.5,1.94,1500.0
1733,36.9,Female,Desk Job,7.5,1.59,1192.9
1734,34.0,Female,Desk Job,7.5,1.67,359.9
1735,27.7,Female,Desk Job,7.5,1.71,420.0
1736,51.9,Female,Desk Job,7.5,1.70,767.1
1737,53.7,Male,Desk Job,7.5,1.78,1420.3
1738,49.9,Female,Desk Job,7.5,1.75,656.7
1739,37.9,Female,Desk Job,7.5,1.74,213.7
1740,19.0,Male,Desk Job,7.5,1.66,955.2
1741,54.0,Male,Desk Job,7.5,1.86,169.5
1742,44.3,Male,Desk Job,7.5,1.68,239.4
1743,34.1,Male,Desk Job,7.5,1.85,1500.0
1744,38.3,Male,Desk Job,7.5,1.92,1500.0
1745,38.6,Female,Desk Job,7.5,1.68,176.8
1746,36.1,Female,Desk Job,7.5,1.75,1235.6
1747,45.2,Male,Desk Job,7.5,1.71,493.4
1748,57.0,Female,Desk Job,7.5,1.68,234.4
1749,43.0,Male,Desk Job,7.5,1.88,299.2
1750,19.8,Female,Desk Job,7.5,1.76,162.7
1751,19.6,Male,Desk Job,7.5,1.83,1500.0
1752,45.8,Male,Desk Job,7.5,1.94,90.2
1753,21.3,Male,Desk Job,7.5,1.91,219.3
1754,26.5,Female,Desk Job,7.5,1.72,579.8
1755,30.8,Female,Desk Job,7.5,1.64,191.1
1756,24.1,Female,Desk Job,7.5,1.69,683.3
1757,49.9,Female,Desk Job,7.5,1.58,185.1
1758,63.9,Female,Desk Job,7.5,1.77,1139.9
1759,53.1,Female,Desk Job,7.5,1.68,1120.8
1760,39.9,Female,Desk Job,7.5,1.68,1126.1
1761,21.3,Male,Desk Job,7.5,1.72,163.1
1762,60.5,Female,Desk Job,7.5,1.61,844.0
1763,49.4,Female,Desk Job,7.5,1.58,1017.3
1764,54.3,Female,Desk Job,7.5,1.56,81.1
1765,40.5,Female,Desk Job,7.5,1.64,848.2
1766,38.7,Female,Desk Job,7.5,1.59,259.9
1767,31.3,Female,Desk Job,7.5,1.66,466.9
1768,42.8,Male,Desk Job,7.5,1.80,1314.5
1769,34.1,Male,Desk Job,7.5,1.87,139.9
1770,59.5,Male,Desk Job,7.5,1.92,646.8
1771,27.5,Male,Desk Job,7.5,1.82,185.5
1772,64.8,Male,Desk Job,7.5,1.89,1417.4
1773,39.7,Male,Desk Job,7.5,1.71,1155.3
1774,55.0,Male,Desk Job,7.5,1.69,525.8
1775,36.5,Male,Desk Job,7.5,1.95,1272.5
1776,26.8,Male,Desk Job,7.5,1.82,1500.0
1777,32.0,Female,Desk Job,7.5,1.56,50.0
1778,58.4,Male,Desk Job,7.5,1.75,513.2
1779,36.5,Female,Desk Job,7.5,1.75,50.0
1780,21.5,Female,Desk Job,7.5,1.74,1345.7
1781,25.4,Female,Desk Job,7.5,1.78,99.4
1782,20.7,Female,Desk Job,7.5,1.68,50.0
1783,20.7,Male,Desk Job,7.5,1.71,177.4
1784,47.4,Male,Desk Job,7.5,1.85,1114.4
1785,48.1,Female,Desk Job,7.5,1.61,613.1
1786,44.3,Male,Desk Job,7.5,1.66,826.2
1787,64.9,Female,Desk Job,7.5,1.65,50.0
1788,63.3,Female,Desk Job,7.5,1.67,989.2
1789,40.4,Male,Desk Job,7.5,1.74,250.7
1790,64.9,Female,Desk Job,7.5,1.69,556.5
1791,19.0,Female,Desk Job,7.5,1.55,50.0
1792,41.5,Female,Desk Job,7.5,1.71,1308.0
1793,64.0,Female,Desk Job,7.5,1.78,870.0
1794,64.4,Female,Desk Job,7.5,1.56,269.2
1795,46.7,Female,Desk Job,7.5,1.76,204.1
1796,41.2,Male,Desk Job,7.5,1.93,1500.0
1797,22.9,Female,Desk Job,7.5,1.64,1122.3
1798,18.6,Female,Desk Job,7.5,1.62,1400.0
1799,55.4,Male,Desk Job,7.5,1.69,488.5
1800,21.4,Female,Desk Job,7.5,1.67,421.0
1801,19.2,Male,Desk Job,7.5,1.67,689.1
1802,50.5,Female,Desk Job,7.5,1.70,1188.0
1803,56.4,Female,Desk Job,7.5,1.78,318.1
1804,54.9,Male,Desk Job,7.5,1.90,390.5
1805,32.9,Male,Desk Job,7.5,1.77,512.7
1806,55.7,Female,Desk Job,7.5,1.68,95.1
1807,44.9,Female,Desk Job,7.5,1.80,1170.0
1808,27.6,Female,Desk Job,7.5,1.79,227.8
1809,42.7,Female,Desk Job,7.5,1.62,116.0
1810,45.5,Female,Desk Job,7.5,1.76,966.4
1811,38.8,Male,Desk Job,7.5,1.89,78.6
1812,56.2,Male,Desk Job,7.5,1.83,263.2
1813,49.4,Male,Desk Job,7.5,1.78,1025.1
1814,49.0,Male,Desk Job,7.5,1.70,1356.9
1815,60.9,Male,Desk Job,7.5,1.72,172.8
1816,53.7,Female,Desk Job,7.5,1.60,991.4
1817,42.4,Female,Desk Job,7.5,1.58,662.7
1818,54.8,Male,Desk Job,7.5,1.69,184.2
1819,56.1,Female,Desk Job,7.5,1.58,367.6
1820,60.0,Male,Desk Job,7.5,1.89,804.0
1821,42.8,Female,Desk Job,7.5,1.72,1102.4
1822,59.9,Female,Desk Job,7.5,1.70,422.0
1823,35.4,Female,Desk Job,7.5,1.69,851.0
1824,57.7,Male,Desk Job,7.5,1.82,917.0
1825,46.9,Female,Desk Job,7.5,1.78,477.8
1826,38.4,Male,Desk Job,7.5,1.83,1379.7
1827,33.8,Female,Desk Job,7.5,1.72,58.4
1828,51.4,Female,Desk Job,7.5,1.59,923.0
1829,58.9,Male,Desk Job,7.5,1.68,1099.8
1830,49.0,Female,Desk Job,7.5,1.80,1294.4
1831,51.2,Female,Desk Job,7.5,1.80,68.2
1832,44.1,Male,Desk Job,7.5,1.80,970.0
1833,55.2,Female,Desk Job,7.5,1.72,695.5
1834,25.1,Female,Desk Job,7.5,1.61,1335.5
1835,48.9,Female,Desk Job,7.5,1.58,440.8
1836,38.4,Female,Desk Job,7.5,1.69,898.6
1837,64.0,Female,Desk Job,7.5,1.76,1123.6
1838,24.2,Male,Desk Job,7.5,1.81,1314.6
1839,51.9,Male,Desk Job,7.5,1.79,265.9
1840,55.2,Male,Desk Job,7.5,1.87,841.9
1841,29.7,Male,Desk Job,7.5,1.92,1500.0
1842,53.5,Female,Desk Job,7.5,1.75,470.8
1843,28.9,Female,Desk Job,7.5,1.62,993.5
1844,37.8,Male,Desk Job,7.5,1.71,70.1
1845,36.3,Male,Desk Job,7.5,1.68,1487.7
1846,27.4,Male,Desk Job,7.5,1.78,265.9
1847,32.8,Male,Desk Job,7.5,1.73,459.3
1848,48.5,Male,Desk Job,7.5,1.66,768.1
1849,53.1,Female,Desk Job,7.5,1.75,139.3
1850,26.1,Male,Desk Job,7.5,1.79,1044.9
1851,42.0,Female,Desk Job,7.5,1.74,402.9
1852,29.4,Female,Desk Job,7.5,1.57,80.5
1853,30.9,Male,Desk Job,7.5,1.85,1196.9
1854,57.0,Male,Desk Job,7.5,1.75,1207.2
1855,31.6,Male,Desk Job,7.5,1.94,1053.2
1856,38.4,Male,Desk Job,7.5,1.93,329.8
1857,59.0,Female,Desk Job,7.5,1.75,372.2
1858,35.7,Male,Desk Job,7.5,1.93,677.4
1859,39.3,Female,Desk Job,7.5,1.61,865.3
1860,60.2,Female,Desk Job,7.5,1.56,911.5
1861,50.1,Male,Desk Job,7.5,1.91,50.0
1862,37.8,Female,Desk Job,7.5,1.74,242.3
1863,50.9,Female,Desk Job,7.5,1.56,202.3
1864,63.4,Female,Desk Job,7.5,1.63,55.5
1865,62.4,Female,Desk Job,7.5,1.62,901.4
1866,42.8,Male,Desk Job,7.5,1.94,50.0
1867,49.1,Male,Desk Job,7.5,1.93,394.3
1868,27.1,Female,Desk Job,7.5,1.62,103.1
1869,58.6,Male,Desk Job,7.5,1.86,446.7
1870,36.4,Male,Desk Job,7.5,1.89,1500.0
1871,28.8,Male,Desk Job,7.5,1.95,638.3
1872,63.7,Male,Desk Job,7.5,1.92,96.3
1873,28.3,Female,Desk Job,7.5,1.56,687.3
1874,37.9,Female,Desk Job,7.5,1.57,153.9
1875,60.0,Male,Desk Job,7.5,1.71,1381.4
1876,26.2,Male,Desk Job,7.5,1.69,143.8
1877,31.7,Male,Desk Job,7.5,1.72,1500.0
1878,61.5,Female,Desk Job,7.5,1.74,829.8
1879,55.3,Male,Desk Job,7.5,1.73,1342.7
1880,25.7,Male,Desk Job,7.5,1.90,50.0
1881,50.3,Male,Desk Job,7.5,1.91,1500.0
1882,52.7,Male,Desk Job,7.5,1.84,88.5
1883,26.4,Male,Desk Job,7.5,1.72,1216.8
1884,59.4,Female,Desk Job,7.5,1.70,1077.2
1885,23.7,Female,Desk Job,7.5,1.64,1057.1
1886,45.5,Male,Desk Job,7.5,1.66,182.6
1887,41.1,Male,Desk Job,7.5,1.76,239.3
1888,24.4,Female,Desk Job,7.5,1.65,618.6
1889,42.6,Female,Desk Job,7.5,1.80,560.9
1890,49.9,Male,Desk Job,7.5,1.94,1500.0
1891,28.2,Male,Desk Job,7.5,1.66,483.4
1892,56.6,Male,Desk Job,7.5,1.92,623.8
1893,60.4,Female,Desk Job,7.5,1.62,1025.7
1894,51.0,Male,Desk Job,7.5,1.87,164.4
1895,18.5,Female,Desk Job,7.5,1.73,1236.7
1896,64.2,Male,Desk Job,7.5,1.94,477.2
1897,54.1,Female,Desk Job,7.5,1.67,177.4
1898,27.8,Male,Desk Job,7.5,1.87,1500.0
1899,22.6,Male,Desk Job,7.5,1.66,1500.0
1900,27.1,Female,Desk Job,7.5,1.67,1022.5
1901,35.0,Male,Desk Job,7.5,1.90,1461.5
1902,30.5,Male,Desk Job,7.5,1.70,593.9
1903,19.9,Male,Desk Job,7.5,1.94,144.3
1904,20.3,Female,Desk Job,7.5,1.61,1102.0
1905,46.8,Female,Desk Job,7.5,1.57,811.2
1906,45.4,Female,Desk Job,7.5,1.75,381.5
1907,25.7,Male,Desk Job,7.5,1.68,1474.9
1908,25.4,Female,Desk Job,7.5,1.64,271.5
1909,58.3,Male,Desk Job,7.5,1.70,461.8
1910,61.6,Female,Desk Job,7.5,1.66,871.0
1911,42.1,Male,Desk Job,7.5,1.83,1072.7
1912,35.9,Male,Desk Job,7.5,1.78,1056.3
1913,30.2,Male,Desk Job,7.5,1.88,121.6
1914,32.8,Female,Desk Job,7.5,1.65,602.0
1915,21.6,Male,Desk Job,7.5,1.79,993.5
1916,39.7,Female,Desk Job,7.5,1.70,1344.5
1917,29.8,Female,Desk Job,7.5,1.76,50.0
1918,19.5,Female,Desk Job,7.5,1.56,673.8
1919,59.3,Male,Desk Job,7.5,1.79,498.4
1920,60.8,Female,Desk Job,7.5,1.75,178.7
1921,22.0,Male,Desk Job,7.5,1.68,948.5
1922,20.8,Male,Desk Job,7.5,1.84,1039.0
1923,48.2,Female,Desk Job,7.5,1.72,1322.5
1924,42.9,Female,Desk Job,7.5,1.69,699.7
1925,56.7,Female,Desk Job,7.5,1.60,161.7
1926,26.4,Female,Desk Job,7.5,1.62,455.0
1927,44.0,Male,Desk Job,7.5,1.93,1300.9
1928,26.7,Male,Desk Job,7.5,1.82,1439.9
1929,37.4,Male,Desk Job,7.5,1.77,850.0
1930,33.7,Male,Desk Job,7.5,1.82,363.9
1931,25.2,Male,Desk Job,7.5,1.92,1500.0
1932,33.2,Female,Desk Job,7.5,1.59,1189.0
1933,41.9,Female,Desk Job,7.5,1.77,1238.9
1934,23.1,Female,Desk Job,7.5,1.72,770.2
1935,56.0,Male,Desk Job,7.5,1.91,295.5
1936,60.7,Male,Desk Job,7.5,1.81,1235.4
1937,26.3,Male,Desk Job,7.5,1.70,1180.0
1938,26.1,Female,Desk Job,7.5,1.57,352.1
1939,60.4,Male,Desk Job,7.5,1.80,1072.4
1940,59.8,Female,Desk Job,7.5,1.71,706.9
1941,61.6,Female,Desk Job,7.5,1.74,610.7
1942,27.4,Male,Desk Job,7.5,1.83,983.8
1943,53.8,Male,Desk Job,7.5,1.73,1044.4
1944,46.6,Female,Desk Job,7.5,1.77,186.6
1945,34.5,Female,Desk Job,7.5,1.77,679.8
1946,20.8,Female,Desk Job,7.5,1.59,504.0
1947,43.0,Male,Desk Job,7.5,1.68,196.1
1948,23.5,Male,Desk Job,7.5,1.87,77.1
1949,58.0,Female,Desk Job,7.5,1.79,202.6
1950,24.4,Male,Desk Job,7.5,1.80,1500.0
1951,30.5,Male,Desk Job,7.5,1.85,148.4
1952,42.7,Female,Desk Job,7.5,1.76,460.3
1953,25.6,Male,Desk Job,7.5,1.88,1111.2
1954,56.5,Female,Desk Job,7.5,1.60,639.5
1955,31.5,Female,Desk Job,7.5,1.77,168.0
1956,42.6,Female,Desk Job,7.5,1.76,225.1
1957,42.9,Female,Desk Job,7.5,1.64,1013.9
1958,39.2,Female,Desk Job,7.5,1.58,1069.6
1959,25.3,Female,Desk Job,7.5,1.74,487.8
1960,64.6,Female,Desk Job,7.5,1.69,1080.5
1961,40.0,Male,Desk Job,7.5,1.85,718.0
1962,51.5,Male,Desk Job,7.5,1.73,195.2
1963,64.3,Female,Desk Job,7.5,1.58,896.2
1964,51.9,Male,Desk Job,7.5,1.94,1130.3
1965,21.9,Male,Desk Job,7.5,1.93,1500.0
1966,32.8,Female,Desk Job,7.5,1.64,782.5
1967,47.0,Male,Desk Job,7.5,1.90,1288.0
1968,25.8,Male,Desk Job,7.5,1.66,110.2
1969,54.8,Female,Desk Job,7.5,1.64,241.1
1970,31.7,Male,Desk Job,7.5,1.67,604.7
1971,30.8,Female,Desk Job,7.5,1.75,1232.5
1972,31.0,Female,Desk Job,7.5,1.55,1040.5
1973,53.0,Female,Desk Job,7.5,1.65,375.5
1974,21.2,Male,Desk Job,7.5,1.69,160.8
1975,39.6,Male,Desk Job,7.5,1.75,477.3
1976,35.7,Male,Desk Job,7.5,1.86,114.8
1977,49.5,Male,Desk Job,7.5,1.92,1500.0
1978,27.2,Female,Desk Job,7.5,1.65,107.1
1979,45.8,Male,Desk Job,7.5,1.88,1348.9
1980,31.9,Female,Desk Job,7.5,1.78,368.3
1981,51.0,Female,Desk Job,7.5,1.77,641.5
1982,29.5,Male,Desk Job,7.5,1.88,1233.1
1983,40.4,Female,Desk Job,7.5,1.79,82.8
1984,61.7,Male,Desk Job,7.5,1.75,226.8
1985,56.1,Female,Desk Job,7.5,1.69,232.2
1986,58.0,Male,Desk Job,7.5,1.81,774.3
1987,46.5,Male,Desk Job,7.5,1.72,1077.0
1988,19.4,Male,Desk Job,7.5,1.66,581.7
1989,36.0,Male,Desk Job,7.5,1.68,1014.1
1990,31.0,Male,Desk Job,7.5,1.79,518.2
1991,56.4,Female,Desk Job,7.5,1.58,837.6
1992,40.8,Female,Desk Job,7.5,1.55,836.4
1993,30.7,Female,Desk Job,7.5,1.71,1002.9
1994,27.8,Male,Desk Job,7.5,1.78,346.7
1995,60.5,Male,Desk Job,7.5,1.81,1474.6
1996,38.6,Female,Desk Job,7.5,1.56,396.6
1997,60.3,Male,Desk Job,7.5,1.79,50.0
1998,26.9,Female,Desk Job,7.5,1.68,509.0
1999,41.6,Female,Desk Job,7.5,1.80,144.7
